Question Number	Question (English)	Question (Hindi)	Options
1	What will be the simple interest of ₹18000 in 15 months at 4% annual rate ?	₹18000 पर 15 महीन ोंके लिए 4% वालषिक दर सेसाधारण ब्याज लकतना ह गा?	"(a) ₹600
(b) ₹900(c) ₹800(d) ₹750"2	Disha invested a sum of ₹20000 for 9 years at annual simple interest and received a total sum of ₹35300. What is the rate of interest ?	लदशा ने₹20000 की रालश 9 वषों के लिए साधारण ब्याज पर लनवेश की और कु ि ₹35300 प्राप्त लकए। ब्याज की दर क्या है?	"(a) 9%
(b) 7.5%(c) 8.5%(d) 8%"3	Find the simple interest on ₹42500 at 12% per annum for 73 days of a non-leap year.	₹42500 पर 12% वालषिक दर से, एक साधारण वषिके 73 लदन ोंके लिए साधारण ब्याज ज्ञात कीलजए।	"(a) 1020
(b) 1050(c) 1060(d) 1060"4	A sum of money at simple interest trebles itself in 15 years. It will become 5 times of itself in ?	एक धनरालश साधारण ब्याज पर 15 वषों मेंअपनेआप का तीन गुना ह जाती है। वह अपनेआप का 5 गुना लकतनेवषों मेंह गी?	"(a) 40 years
(b) 36 years(c) 30 years(d) 25 years"5	A certain sum of money becomes three times of itself in 20 years at simple interest. In how many years does it become double of itself at the same rate of simple interest ?	एक लनलित धनरालश साधारण ब्याज पर 20 वषों में अपनेआप की तीन गुनी ह जाती है। उसी दर पर वह अपनेआप की द गुनी लकतनेवषों मेंह गी?	"(a) 8 years
(b) 10 years(c) 12 years(d) 14 years"6	A sum of money becomes 7/6 of itself in 3 years at a certain rate of simple interest. The rate per annum is ?	एक धनरालश साधारण ब्याज पर 3 वषों मेंअपनेआप की 7/6 ह जाती है। वालषिक ब्याज दर क्या है?	"(a) 5 5/9%
(b) 6 5/9%(c) 18%(d) 25%"7	The simple interest earned on ₹6000 at R% per annum in 2 years is equal to the simple interest earned on ₹4000 at 5% per annum in 12 years. What is the value of R (in Percentage) ?	₹6000 पर R% वालषिक दर से2 वषों मेंअलजित साधारण ब्याज, ₹4000 पर 5% वालषिक दर से12 वषों मेंअलजित साधारण ब्याज के बराबर है। R का मान (प्रलतशत में) क्या है?	"(a) 25%
(b) 28%(c) 15%(d) 20%"8	The simple interest earned on ₹1400 at a rate of 10% per annum for 3 years is ₹x and ₹1,736 is the simple interest earned on ₹3,100 at a rate of 7% for y years, then the value of x/y is ?	₹1400 पर 10% वालषिक दर से3 वषों का साधारण ब्याज ₹x हैऔर ₹3100 पर 7% की दर सेy वषों का साधारण ब्याज ₹1736 है, त x/y का मान क्या ह गा?	"(a) 40
(b) 52.5(c) 55.5(d) 42.5"9	A person invested a sum of ₹6300 at x% per annum at simple interest and a sum of ₹8100 at (x+2)% p.a. at simple interest. If the total interest earned on both the investments for 3 years is ₹4590, then the rate of interest on the first investment is ?	एक व्यक्ति ने₹6300 की रालश x% वालषिक दर से साधारण ब्याज पर और ₹8100 की रालश (x+2)% वालषिक दर सेसाधारण ब्याज पर लनवेश की। यलद द न ों लनवेश ोंपर 3 वषों मेंकु ि ब्याज ₹4590 है, त पहिे लनवेश पर ब्याज की दर क्या है?	"(a) 9.5%
(b) 9%(c) 8.5%(d) 8%"10	A person invested a sum of ₹6,200 at x% p.a. and another sum that is twice the former at (x+2)% p.a, both at simple interest. If the total interest earned on both investments for 3½ years is ₹7703.50, then the rate of interest p.a on the second investment is ?	एक व्यक्ति ने₹6200 की रालश x% वालषिक दर पर और उसकी दु गुनी रालश (x+2)% वालषिक दर पर, द न ों साधारण ब्याज पर लनवेश की। यलद 3½ वषों मेंद न ों लनवेश ोंसेकु ि ब्याज ₹7703.50 प्राप्त हुआ, त दूसरे लनवेश पर वालषिक ब्याज दर क्या है?	"(a) 13%
(b) 11%(c) 12.5%(d) 10.5%"11	A person invested a sum of ₹5200 at x% per annum at simple interest and a sum of ₹6000 at (x-2)% per annum at simple interest. If the total interest earned on both the investment for 3 years is ₹3000, then the rate of interest on the first investment is ?	एक व्यक्ति ने₹5200 की रालश x% वालषिक दर से साधारण ब्याज पर और ₹6000 की रालश (x−2)% वालषिक दर सेसाधारण ब्याज पर लनवेश की। यलद 3 वषों मेंद न ोंलनवेश ोंसेकु ि ब्याज ₹3000 प्राप्त हुआ, त पहिेलनवेश पर ब्याज की दर क्या है?	"(a) 14%
(b) 10%(c) 8%(d) 12%"12	The sum lent out at simple interest amounts to ₹7595 in 1 year and ₹9380 in 4 years. The sum and the rate of interest per annum are respectively ?	एक धनरालश साधारण ब्याज पर उधार दी गई। वह 1 वषिमें₹7595 और 4 वषों में₹9380 ह जाती है। मूिधन और वालषिक ब्याज दर क्रमशः क्या हैं?	"(a) ₹7,400 and 10%
(b) ₹7000 and 8.5%(c) ₹7,400 and 9%(d) ₹7,600 and 9%"13	A sum of money invested at a certain rate of simple interest per annum amounts to ₹7261 in 7 years and to ₹9453 in 11 years. then find the sum invested (₹ in) ?	एक धनरालश लकसी लनलित वालषिक साधारण ब्याज दर पर लनवेश की गई। वह 7 वषों में₹7261 और 11 वषों में ₹9453 ह जाती है। लनवेलशत मूिधन (₹ में) ज्ञात कीलजए।	"(a) 3450
(b) 3850(c) 3425(d) 3750"14	A sum of money kept at simple interest amounts to ₹410 in 3 years and to ₹447 in 4 years. What will be the interest accumulated after 9 years ?	एक धनरालश साधारण ब्याज पर 3 वषों में₹410 और 4 वषों में₹447 ह जाती है। 9 वषों के बाद उस पर कु ि ब्याज लकतना ह गा?	"(a) 383
(b) 343(c) 333(d) 383"15	A certain sum amounts to ₹4600 in 5 years and to ₹6000 in 8 years at the same rate of simple interest per annum. Find the simple interest received on a sum of ₹8500 for 6½ years at the same rate.	एक लनलित धनरालश समान वालषिक साधारण ब्याज दर पर 5 वषों में₹4600 और 8 वषों में₹6000 ह जाती है। उसी दर पर ₹8500 पर 6½ वषों का साधारण ब्याज ज्ञात कीलजए।	"(a) ₹10,515
(b) ₹10,215(c) ₹11,375(d) ₹11,460"16	At simple interest certain sum amounts to ₹6000 in 5 years and ₹9000 in 8 years. What is the rate of simple interest per annum on offer ?	साधारण ब्याज पर एक धनरालश 5 वषों में₹6000 और 8 वषों में₹9000 ह जाती है। वालषिक साधारण ब्याज दर क्या है?	"(a) 62.5%
(b) 150%(c) 100%(d) 12.5%"17	A sum of money lent at simple interest amounts to ₹4960 after 2 years and to ₹6,400 after 5 years. Find the rate of interest per annum ?	साधारण ब्याज पर दी गई एक धनरालश 2 वषों में₹4960 और 5 वषों में₹6400 ह जाती है। वालषिक ब्याज दर ज्ञात कीलजए।	"(a) 6.57%
(b) 12%(c) 18%(d) 9.68%"18	A certain sum lent at simple interest amount to ₹13600 in 3 years and ₹16000 in 5 years. Find the annual rate percentage ?	साधारण ब्याज पर दी गई एक धनरालश 3 वषों में ₹13600 और 5 वषों में₹16000 ह जाती है। वालषिक ब्याज दर प्रलतशत ज्ञात कीलजए।	"(a) 14%
(b) 15%(c) 10%(d) 12%"19	A sum of ₹800 becomes ₹1088 at simple interest in 3 years. If the interest rate is increases by 3% then find the amount ?	₹800 की रालश 3 वषों मेंसाधारण ब्याज पर ₹1088 ह जाती है। यलद ब्याज दर में3% की वृक्ति कर दी जाए, त रालश लकतनी ह गी?	"(a) ₹1,120
(b) ₹1,130(c) ₹1,160(d) ₹1,150"20	If the annual rate of simple interest increases from 11% to 17½% then a person’s yearly income increases by 1,071.20. The simple interest (in ₹) on the same sum at 10% for 5 years is ?	यलद साधारण ब्याज की वालषिक दर 11% सेबढ़कर 17½% ह जाए, त लकसी व्यक्ति की वालषिक आय ₹1071.20 बढ़ जाती है। उसी मूिधन पर 10% वालषिक दर से5 वषों का साधारण ब्याज (₹ में) लकतना ह गा?	"(a) ₹8,240
(b) ₹9,120(c) ₹7,250(d) ₹16,480"21	The rate of simple interest per annum of bank being increased from 10.5 percent to 18 percent and time duration is also increased from 4.5 years to 7 years. The total simple interest was increased by Rs 1250. find the increased simple interest.	बैंक की साधारण ब्याज की वालषिक दर 10.5% से बढ़कर 18% ह जाती हैऔर समयावलध भी 4.5 वषिसे बढ़कर 7 वषिह जाती है। कु ि साधारण ब्याज में₹1250 की वृक्ति ह ती है। बढ़ा हुआ साधारण ब्याज ज्ञात कीलजए।	"(a) 2200
(b) 2000(c) 1800(d) 2500"22	Rs. 1800 is lent at a certain rate of simple interest. After 9 months, another Rs. 1200 is lent at a rate that is 1.5 times the original rate. If the total simple interest after 1 year is Rs. 144, find the original rate.	₹1800 लकसी लनलित साधारण ब्याज दर पर उधार लदए जातेहैं। 9 महीनेबाद ₹1200 और उधार लदए जातेहैं, उस दर पर ज मूि दर की 1.5 गुना है। यलद 1 वषिके बाद कु ि साधारण ब्याज ₹144 है, त मूि ब्याज दर ज्ञात कीलजए।	"(a) 6.4%
(b) 6.5%(c) 4.2%(d) 4.6%"23	Consider the following statements regarding simple interest :-		"1. The simple interest on ₹10,000 for 3 years at
15% per annum is ₹4,500.If a sum of money doubles in 5 years at simpleinterest, then it will become 1.5 times in 3 years.The simple interest rate required for an amountto become 4.5 times in 7 years is 50%.(a) Only 1 is correct(b) 1 and 2 are correct(c) 1 and 3 are correct(d) All 1, 2 and 3 are correct₹10,000 पर 3 वषों के लिए 15% प्रलत वषिकी दर सेसाधारण ब्याज ₹4,500 है।यलद क ई रालश साधारण ब्याज पर 5 वषों मेंद गुनी हजाती है, त वह 3 वषों में1.5 गुना ह जाएगी।लकसी रालश क 7 वषों में4.5 गुना करनेके लिएआवश्यक साधारण ब्याज दर 50% है।"24	A sum of ₹1800 is invested for 4 years at R% Per annum, simple interest and the simple interest received is ₹864. Find the amount received after 3 years when the same sum is invested at (R + 3)% p.a, simple interest.	₹1800 की रालश 4 वषों के लिए R% वालषिक साधारण ब्याज पर लनवेश की जाती हैऔर प्राप्त साधारण ब्याज ₹864 है। यलद यही रालश (R+3)% वालषिक साधारण ब्याज पर 3 वषों के लिए लनवेश की जाए, त प्राप्त कु ि रालश ज्ञात कीलजए।	"(a) ₹2,840
(b) ₹2,260(c) ₹2,180(d) ₹2,610"25	The difference between the simple interest on a fixed amount for 6 years and on the same amount for 11 years is ₹3,500. If the rate of interest is 10% p.a., then the amount is ?	लकसी लनलित धनरालश पर 6 वषों और 11 वषों के साधारण ब्याज का अोंतर ₹3500 है। यलद ब्याज दर 10% वालषिक है, त मूिधन क्या है?	"(a) ₹6,000
(b) ₹5,000(c) ₹7,000(d) ₹5,500"26	The simple interest on ₹1080 will be 368 less than the interest on ₹2000 at the rate of 8% per annum. Find the time taken in years ?	₹1080 पर साधारण ब्याज, 8% वालषिक दर से₹2000 पर लमिनेवािेब्याज से₹368 कम है। समय (वषों में) ज्ञात कीलजए।	"(a) 3
(b) 4(c) 5(d) 6"27	A sum of money invested for a certain number of years at 37.5% p.a simple interest amounts to Rs 375. The same sum of money invested for the same number of years at 25% p.a simple interest amounts to 300 only. For how many years was the sum invested ?	एक धनरालश 37.5% वालषिक साधारण ब्याज पर कु छ वषों के लिए लनवेश करनेपर ₹375 ह जाती है। वही धनरालश उतनेही वषों के लिए 25% वालषिक साधारण ब्याज पर लनवेश करनेपर ₹300 ह ती है। वह धनरालश लकतनेवषों के लिए लनवेश की गई थी?	"(a) 5
(b) 3(c) 4(d) 6"28	A certain sum (in ₹) is invested at y% per annum for 3½ years. Had it been invested at (y + 6)% per annum at simple interest, it would have fetched ₹5418 more as interest. What is the sum ?	एक लनलित धनरालश (₹ में) 3½ वषों के लिए y% वालषिक दर पर लनवेश की जाती है। यलद वही रालश (y+6)% वालषिक साधारण ब्याज दर पर लनवेश की जाती, त ₹5418 अलधक ब्याज लमिता। मूिधन क्या है?	"(a) 30,800
(b) 25,800(c) 22,400(d) 27,600"29	A sum of Rs. 7500 amounts to Rs. 8700 at 6% per annum simple interest for T years. What is the simple interest on the sum of Rs 7250 at same rate for 3T/2 years ?	₹7500 की रानि 6% वानर्षिक साधारण ब्याज पर T वर्षों में₹8700 हो जाती है। उसी दर पर ₹7250 का 3T/2 वर्षों का साधारण ब्याज क्या होगा?	"(a) 1260
(b) 1740(c) 1590(d) 1925"30	A sum of ₹8,400 amounts to ₹11,046 at 8.75% p.a. simple interest in certain time. What is the simple interest on the sum of ₹9,600 at the same rate for the same time ?	₹8400 की रानि 8.75% वानर्षिक साधारण ब्याज पर नकसी नननित समय में₹11046 हो जाती है। उसी दर और उसी समय के निए ₹9600 पर साधारण ब्याज नकतना होगा?	"(a) 3,024
(b) 2,686(c) 3,012(d) 2,990"31	A sum of amounts to ₹14,395.20 at 9.25% p.a. simple interest in 5.4 years. What will be the simple interest on the same sum at 8.6% p.a. in 4.5 years ?	एक धनरानि 9.25% वानर्षिक साधारण ब्याज पर 5.4 वर्षों में₹14395.20 हो जाती है। उसी धनरानि पर 8.6% वानर्षिक दर से4.5 वर्षों का साधारण ब्याज नकतना होगा?	"(a) 3,672
(b) 3,627(c) 3,715.20(d) 3,797.76"32	A sum amounts to 6693 at 4.55% p.a. simple interest in 10 years. What will be the simple interest on the same sum at 11.25% p.a. in 4.8 years ?	एक धनरानि 4.55% वानर्षिक साधारण ब्याज पर 10 वर्षों में₹6693 हो जाती है। उसी धनरानि पर 11.25% वानर्षिक दर से4.8 वर्षों का साधारण ब्याज नकतना होगा?	"(a) 2968
(b) 2812(c) 2484(d) 2934"33	A sum of ₹8,500 amounts to ₹10,875 in 3⅘ years at a certain rate percent annum simple interest. What will be the simple interest on the same sum for 4 years at double the earlier rate ?	₹8500 की रानि 3⅘ वर्षों मेंनकसी नननित वानर्षिक साधारण ब्याज दर पर ₹10875 हो जाती है। उसी रानि पर दोगुनी ब्याज दर से4 वर्षों का साधारण ब्याज नकतना होगा?	"(a) 4,500
(b) 4,750(c) 5,000(d) 5,500"34	The simple interest on a certain sum is 1/8 of the sum. When the number of years is equal to half of the rate percentage per annum. Find the simple interest (in ₹) on ₹12000 at the same rate of simple interest rate for 4 years.	नकसी धनरानि पर साधारण ब्याज उस रानि का 1/8 है, जब वर्षों की संख्या ब्याज दर प्रनतित केआधेके बराबर है। उसी साधारण ब्याज दर पर ₹12000 का 4 वर्षों का साधारण ब्याज (₹ में) ज्ञात कीनजए।	"(a) ₹2,800
(b) ₹2,500(c) ₹2,250(d) ₹2,400"35	Sudeep invested 1/8 of a certain sum at 5% p.a. for two years and 3/5 of the sum at 6% p.a. for two years and the remaining at 10% p.a. for two years. If the total interest received is ₹1,395, then the total sum invested is ?	सुदीप नेनकसी कु ि रानि का 1/8 भाग 5% वानर्षिक दर पर 2 वर्षों के निए, 3/5 भाग 6% वानर्षिक दर पर 2 वर्षों के निए और िेर्ष भाग 10% वानर्षिक दर पर 2 वर्षों के निए ननवेि नकया। यनद कु ि ब्याज ₹1395 नमिा, तो कु ि ननवेनित रानि क्या है?	"(a) 13,000
(b) 10,000(c) 12,500(d) 12,000"36	Two equal sum (in Rs.) are lent at 8% and 4% simple interest p.a. respectively at the same time. The first sum is received 2 years earlier than the other and the amount received in each case is Rs. 14,500. Each sum is ?	दो समान रानियााँक्रमिः 8% और 4% वानर्षिक साधारण ब्याज पर एक ही समय पर उधार दी जाती हैं। पहिी रानि दूसरी से2 वर्षिपहिेवापस नमिती हैऔर दोनो ंही मामिो ंमेंप्राप्त रानि ₹14500 है। प्रत्येक मूिधन क्या है?	"(a) ₹11850
(b) ₹12500(c) ₹12000(d) ₹12900"37	A sum of ₹4,200 is divided into two parts such that the simple interest on the first part for 3⅗ years at 6⅔% p.a. is double the simple interest on the second part for 2¼ years at 4% p.a. What is the difference between the two parts ?	₹4200 की रानि को दो भागो ंमेंबााँटा गया है, इस प्रकार नक पहिेभाग पर 3⅗ वर्षों के निए 6⅔% वानर्षिक साधारण ब्याज, दूसरेभाग पर 2¼ वर्षों के निए 4% वानर्षिक साधारण ब्याज का दोगुना है। दोनो ंभागो ंके बीच का अंतर क्या है?	"(a) ₹560
(b) ₹600(c) ₹680(d) ₹620"38	A sum of ₹15400 is lent out at simple interest in two parts for 2 years at 8% per annum and 10% per annum respectively. If the total interest received after 2 years is ₹2760, then the money (in ₹) lent at 8% per annum ?	₹15400 की रानि को 2 वर्षों के निए दो भागो ंमें साधारण ब्याज पर क्रमिः 8% और 10% वानर्षिक दर पर उधार नदया जाता है। यनद 2 वर्षों के बाद कु ि ब्याज ₹2760 प्राप्त होता है, तो 8% वानर्षिक दर पर दी गई रानि (₹ में) नकतनी है?	"(a) 10,500
(b) 8,500(c) 8,000(d) 9,000"39	A sum of Rs.10800 is invested partly at 15% per annum and the remaining at 12% per annum simple interest. If the total interest at the end of 3 years is Rs. 4464, how much money was invested at 15% per annum ?	₹10800 की रानि का कु छ भाग 15% वानर्षिक और िेर्ष भाग 12% वानर्षिक साधारण ब्याज पर ननवेि नकया जाता है। यनद 3 वर्षों के अंत मेंकु ि ब्याज ₹4464 है, तो 15% वानर्षिक दर पर नकतनी रानि ननवेि की गई थी?	"(a) Rs.6200
(b) Rs.6500(c) Rs.6800(d) Rs.6400"40	A person invested one-fourth of the sum of ₹25,000 at a certain rate of simple interest and the rest at 4% p.a. higher rate. If the total interest received for 2 years is ₹4,125, what is the rate at which the second sum was invested ?	एक व्यक्ति ने₹25000 की रानि का एक-चौथाई भाग नकसी नननित साधारण ब्याज दर पर और िेर्ष भाग उससे4% अनधक दर पर ननवेि नकया। यनद 2 वर्षों में कु ि ब्याज ₹4125 प्राप्त हुआ, तो दूसरी रानि नकस दर पर ननवेि की गई थी?	"(a) 9.25%
(b) 9.5%(c) 7.5%(d) 5.25%"41	A person invested 5/6th of the sum of the 18600 at the (x+2)% p.a. simple interest and the rest at (x+8)% p.a. interest. If the total interest received for 1 year is 2046. what is the value of x ?	एक व्यक्ति ने₹18600 की रानि का 5/6 भाग (x+2)% वानर्षिक साधारण ब्याज पर और िेर्ष भाग (x+8)% वानर्षिक साधारण ब्याज पर ननवेि नकया। यनद 1 वर्षिमें कु ि ब्याज ₹2046 प्राप्त हुआ, तो x का मान क्या है?	"(a) 6
(b) 8(c) 10(d) 12"42	A sum of Rs. 14000 is lent out in two parts in such a way that first part is given at 5% per annum and second part at 8% per annum. If the simple interest received on sum given at 5% is Rs 92.25 more than the simple interest on sum given at 8% in one year. Find the sum lend at 8% per annum ?	₹14000 की रानि दो भागो ंमेंउधार दी जाती है, पहिा भाग 5% वानर्षिक दर पर और दूसरा भाग 8% वानर्षिक दर पर। यनद 1 वर्षिमें5% पर दी गई रानि पर साधारण ब्याज, 8% पर दी गई रानि के ब्याज से₹92.25 अनधक है, तो 8% वानर्षिक दर पर दी गई रानि क्या है?	"(a) 4675
(b) 9325(c) 4875(d) 9125"43	A person invested some amount at the rate of 12% per annum simple interest and some amount at the rate of 10% per annum simple interest. He received yearly interest of ₹130 from both the investments. But if he had interchanged the amounts invested, he would have received ₹4 more as interest. How much did he invest at 10% per annum simple interest originally ?	एक व्यक्ति नेकु छ रानि 12% वानर्षिक साधारण ब्याज पर और कु छ रानि 10% वानर्षिक साधारण ब्याज पर ननवेि की। उसेदोनो ंननवेिो ंसे1 वर्षिमेंकु ि ₹130 ब्याज नमिा। यनद वह ननवेनित रानियो ंको आपस में बदि देता, तो उसे₹4 अनधक ब्याज नमिता। उसनेमूि रूप से10% वानर्षिक दर पर नकतनी रानि ननवेि की थी?	"(a) 600
(b) 700(c) 500(d) 650"44	A person invested some amount at the rate of 8% per annum simple interest and some amount at the rate of 12% per annum simple interest. He received yearly interest of ₹122 from both the investments. But if he had interchanged the amounts invested, he would have received ₹4 less as interest. how much did he invest at 8% per annum simple interest originally ?	एक व्यक्ति नेकु छ रानि 8% वानर्षिक साधारण ब्याज पर और कु छ रानि 12% वानर्षिक साधारण ब्याज पर ननवेि की। उसेदोनो ंननवेिो ंसे1 वर्षिमेंकु ि ₹122 ब्याज नमिा। यनद वह ननवेनित रानियो ंको आपस मेंबदि देता, तो उसे₹4 कम ब्याज नमिता। उसनेमूि रूप से 8% वानर्षिक दर पर नकतनी रानि ननवेि की थी?	"(a) 500
(b) 650(c) 550(d) 450"45	Some amount of money was lent at 6% per annum simple interest. After one year, 6800 is repaid and the rest of the amount is repaid at 5% per annum. If the second year’s interest is 11/20 of the first year’s interest, find what amount of money was lent out ?	कु छ धनरानि 6% वानर्षिक साधारण ब्याज पर उधार दी गई। 1 वर्षि बाद ₹6800 वापस कर नदए गए और िेर्ष रानि पर 5% वानर्षिक दर िागूहोती है। यनद दूसरेवर्षिका ब्याज, पहिेवर्षिके ब्याज का 11/20 है, तो प्रारंभ मेंनकतनी रानि उधार दी गई थी?	"(a) 16000
(b) 16500(c) 17000(d) 17500"46	Marshall lent certain amount of money at 10% p.a. simple interest. After a year, Rs. 5500 is repaid and the rest of the amount is repaid at 20% p.a. If the second year’s interest is 11/9 of the 1st year’s interest, find how much amount of money lent out initially ?	माििि नेकु छ धनरानि 10% वानर्षिक साधारण ब्याज पर उधार दी। 1 वर्षिबाद ₹5500 वापस कर नदए गए और िेर्ष रानि पर 20% वानर्षिक दर िागूहोती है। यनद दूसरेवर्षिका ब्याज, पहिेवर्षिके ब्याज का 11/9 है, तो प्रारंभ मेंनकतनी रानि उधार दी गई थी?	"(a) 11050
(b) 11500(c) 11250(d) 11550"47	A part of ₹29,100 is invested at a simple interest of 15% per annum. The rest of the money is invested at the rate of 10% simple interest per annum after 2 years of the first investment. The ratio of interest after 5 years from the time when the first amount was invested is 5 : 3. How much is the second part that was invested( in ₹) at the rate of 10% simple interest ?	₹29,100 का एक भाग 15% वानर्षिक साधारण ब्याज पर ननवेि नकया गया। िेर्ष धनरानि, पहिेननवेि के 2 वर्षिबाद 10% वानर्षिक साधारण ब्याज पर ननवेि की गई। पहिेननवेि के समय से5 वर्षों बाद दोनो ं ब्याजो ंका अनुपात 5:3 है। 10% वानर्षिक साधारण ब्याज पर ननवेि नकया गया दूसरा भाग (₹ में) नकतना है?	"(a) 17,940
(b) 17,460(c) 17,940(d) 17,450"48	The rate of interest for the first 2 years is 6% p.a., for the next 3 years is 10% p.a. and for the period beyond 5 years is 12% p.a. If a person gets Rs. 12,771 as simple interest after 7 years, then how much money did he invest ?	पहिे2 वर्षों के निए ब्याज दर 6% वानर्षिक है, अगिे3 वर्षों के निए 10% वानर्षिक और 5 वर्षों के बाद की अवनध के निए 12% वानर्षिक है। यनद नकसी व्यक्ति को 7 वर्षों के बाद ₹12,771 साधारण ब्याज प्राप्त होता है, तो उसनेनकतनी रानि ननवेि की थी?	"(a) ₹19,350
(b) ₹19,450(c) ₹19,300(d) ₹20,000"49	The rate of simple interest on a sum of money is 10% p.a. for the first 4 years, 16% p.a. for the next 3 years and 20% p.a. for the period beyond 7 years. If the simple interest accrued by the sum over a period of 10 years is ₹3700, then the sum is ?	एक धनरानि पर पहिे4 वर्षों के निए साधारण ब्याज दर 10% वानर्षिक, अगिे3 वर्षों के निए 16% वानर्षिक और 7 वर्षों के बाद की अवनध के निए 20% वानर्षिक है। यनद 10 वर्षों मेंकु ि साधारण ब्याज ₹3700 है, तो मूिधन क्या है?	"(a) 1,650
(b) 2,750(c) 2,500(d) 1500"50	A sum of Rs.10000 is invested in three schemes of simple interest. The annual interest rates are respectively, 4%, 6% and 10%. Rs. 4000 were invested in the first scheme. If the total interest earned after five years is Rs. 2800, then how much money was invested in the third scheme ?	₹10000 की रानि तीन साधारण ब्याज योजनाओंमेंननवेि की गई है। उनकी वानर्षिक ब्याज दरेंक्रमिः 4%, 6% और 10% हैं। पहिी योजना में₹4000 ननवेि नकए गए। यनद 5 वर्षों बाद कु ि ब्याज ₹2800 प्राप्त हुआ, तो तीसरी योजना मेंनकतनी रानि ननवेि की गई थी?	"(a) Rs. 1500
(b) Rs 5000(c) Rs. 1000(d) Rs. 3000"51	An individual invested certain amounts in three different schemes A, B, and C at simple interest rates of 7% p.a., 9% p.a., and 11% p.a. respectively. If the total interest accrued in one year was ₹2520 and the amount invested in Scheme C was 250% of the amount invested in Scheme A and 300% of the amount invested in Scheme B, what was the amount invested in Scheme A ?	एक व्यक्ति नेतीन अिग-अिग योजनाओंA, B और C मेंक्रमिः 7% p.a., 9% p.a. और 11% p.a. साधारण ब्याज दर पर कु छ रानियााँननवेि की ं। यनद 1 वर्षिमेंकु ि ब्याज ₹2520 प्राप्त हुआ और योजना C मेंननवेनित रानि, योजना A की रानि का 250% तथा योजना B की रानि का 300% थी, तो योजना A मेंननवेनित रानि क्या थी?	"(a) ₹3000
(b) ₹5500(c) ₹6000(d) ₹6500"52	A person invests a sum of ₹63450 at simple interest in the name of his son, daughter and his wife in such a way that they get the same interest after 3, 4 and 5 years, respectively. If the interest rate is 5% per annum, then find the amount invested for the wife.	एक व्यक्ति ₹63450 की रानि को अपनेपुत्र, पुत्री और पत्नी के नाम साधारण ब्याज पर इस प्रकार ननवेि करता हैनक उन्हेंक्रमिः 3, 4 और 5 वर्षों बाद समान ब्याज प्राप्त हो। यनद ब्याज दर 5% वानर्षिक है, तो पत्नी के नाम ननवेनित रानि ज्ञात कीनजए।	"(a) ₹15,000
(b) ₹16,200(c) ₹17,800(d) ₹18,200"53	An amount of ₹72,000 was borrowed at simple interest, at an interest rate. After four months, ₹36000 more were added to it and the rate of interest on the total principal was doubled against the previous rate ₹16800 was paid as interest at the end of the year, calculate the rate of interest initially charged ?	₹72,000 की रानि नकसी साधारण ब्याज दर पर उधार िी गई। 4 महीनेबाद इसमें₹36,000 और जोड़ नदए गए तथा कु ि मूिधन पर ब्याज दर पहिेकी तुिना मेंदोगुनी कर दी गई। वर्षिके अंत मेंकु ि ब्याज ₹16,800 अदा नकया गया। प्रारं नभक ब्याज दर ज्ञात कीनजए।	"(a) 10%
(b) 12%(c) 14%(d) 16%"54	Saurav borrowed a sum of Rs. 9000 from Himanshu at the rate of 16% per annum for 3 years. Saurav added some more money in it and lent it to Ekram at 18% per annum for the same period. In this process, Saurav earned a total profit of Rs. 720. Find how much money he added ?	सौरव नेनहमांिुसे₹9000, 16% वानर्षिक साधारण ब्याज पर 3 वर्षों के निए उधार निए। सौरव नेइसमेंकु छ और पैसा नमिाकर उसी अवनध के निए 18% वानर्षिक साधारण ब्याज पर एकराम को उधार दे नदए। इस प्रनक्रया मेंसौरव को कु ि ₹720 का िाभ हुआ। उसने नकतनी रानि और नमिाई?	"(a) ₹400
(b) ₹350(c) ₹375(d) ₹333.33"55	A man takes a loan of some amount at some rate of simple interest. After three years, the loan amount is doubled and rate of interest is decreased by 2%. After 5 years, if the total interest paid on the whole is ₹13,600, which is equal to the same when the first amount was taken for 11⅓ years, then the loan take initially is ?	एक व्यक्ति नकसी रानि का ऋण नकसी साधारण ब्याज दर पर िेता है। 3 वर्षों बाद ऋण रानि दोगुनी कर दी जाती हैऔर ब्याज दर 2% घटा दी जाती है। 5 वर्षों के बाद कु ि ब्याज ₹13,600 होता है, जो उसी रानि पर 11⅓ वर्षों के ब्याज के बराबर है। प्रारंभ मेंनिया गया ऋण नकतना था?	"(a) 12,000
(b) 10,000(c) 12,500(d) 13,600"56	Pranav borrows a sum of ₹6,23,305 at the rate of 10% per annum simple interest. At the end of the first year, he repays ₹16,390 towards return of principal amount borrowed. If Pranav clears all pending dues at the end of the second year, including interest payment that accrued during the first year, how much does he pay (in ₹) at the end of the second year ?	प्रणव ₹6,23,305 की रानि 10% वानर्षिक साधारण ब्याज पर उधार िेता है। पहिेवर्षिके अंत मेंवह मूिधन मेंसे₹16,390 िौटा देता है। यनद प्रणव दूसरेवर्षिके अंत मेंप्रथम वर्षिके ब्याज सनहत सभी बकाया देनदाररयााँचुका देता है, तो वह दूसरेवर्षिके अंत मेंनकतनी रानि (₹ में) चुकाएगा?	"(a) 7,29,025
(b) 7,29,937(c) 7,25,903(d) 7,38,700"57	Sohan borrows a sum of ₹1,41,545 at the rate of 11% per annum simple interest. At the end of the first year, he repays ₹25,490 towards return of principal amount borrowed. If Sohan clears all pending dues at the end of the second year, including interest payment that accrued during the first year, how much does he pay (in ₹) at the end of the second year ?	सोहन ₹1,41,545 की रानि 11% वानर्षिक साधारण ब्याज पर उधार िेता है। पहिेवर्षिके अंत मेंवह मूिधन मेंसे₹25,490 िौटा देता है। यनद सोहन दूसरेवर्षिके अंत मेंप्रथम वर्षिके ब्याज सनहत सभी बकाया रानि चुका देता है, तो वह दूसरेवर्षिके अंत मेंनकतनी रानि (₹ में) चुकाएगा?	"(a) 1,37,407
(b) 1,41,222(c) 1,36,453(d) 1,44,391"58	Aman borrows a sum of ₹192208 at the rate of 15% per annum simple interest. At the end of the first year, he repays ₹20196 towards return of principal amount borrowed. If Aman clears all pending dues at the end of the second year, including interest payment that accrued during the first year, how much does he pay (in ₹) at the end of the second year ?	अमन ₹192208 की रानि 15% वानर्षिक साधारण ब्याज पर उधार िेता है। पहिेवर्षिके अंत मेंवह मूिधन मेंसे₹20196 िौटा देता है। यनद अमन दूसरेवर्षिके अंत मेंप्रथम वर्षिके ब्याज सनहत सभी बकाया चुका देता है, तो वह दूसरेवर्षिके अंत मेंनकतनी रानि (₹ में) चुकाएगा?	"(a) 221777
(b) 221757(c) 230028(d) 226645"59	Pranav borrows a sum of ₹335180 at the rate of 13% per annum simple interest. At the end of the first year, he repays ₹23060 towards return of principal amount borrowed. If Pranav clears all pending dues at the end of the second year, including interest payment that accrued during the first year, how much does he pay (in ₹) at the end of the second year ?	प्रणव ₹335180 की रानि 13% वानर्षिक साधारण ब्याज पर उधार िेता है। पहिेवर्षिके अंत मेंवह मूिधन मेंसे₹23060 िौटा देता है। यनद प्रणव दूसरेवर्षिके अंत मेंप्रथम वर्षिके ब्याज सनहत सभी बकाया चुका देता है, तो वह दूसरेवर्षिके अंत मेंनकतनी रानि (₹ में) चुकाएगा?	"(a) 393949
(b) 388076(c) 398876(d) 396269"60	Find the present worth of Rs.1341 due 4 years hence at 9% per annum.	4 वर्षिबाद देय ₹1341 की वतिमान कीमत 9% वानर्षिक साधारण ब्याज की दर सेज्ञात कीनजए।	"(a) Rs. 700
(b) Rs. 850(c) Rs. 950(d) Rs. 990"61	A man purchased a cow for Rs.3000 and sold it the same day for Rs.3600, allowing the buyer a credit of 2 years. If the rate of interest be 10 % per annum, then the man has a gain of ?	एक व्यक्ति नेएक गाय ₹3000 मेंखरीदी और उसी नदन ₹3600 में बेच दी, िेनकन खरीदार को 2 वर्षों का उधार नदया। यनद ब्याज दर 10% वानर्षिक है, तो उस व्यक्ति को नकतना िाभ हुआ?	"(a) 10%
(b) 7.5%(c) 5%(d) 0%"62	Find the true discount reckoning 3% per annum simple interest of ₹1802 due in 2 years time ?	2 वर्षों बाद देय ₹1802 का 3% वानर्षिक साधारण ब्याज की दर सेtrue discount ज्ञात कीनजए।	"(a) ₹100
(b) ₹98(c) ₹102(d) None"63	The true discount on a bill due 10 months hence at 6% per annum is Rs. 26.25. The amount of the bill is ?	10 महीनेबाद देय एक नबि का 6% वानर्षिक दर पर true discount ₹26.25 है। नबि की रानि क्या है?	"(a) ₹1575
(b) ₹500(c) ₹650.25(d) ₹551.25"64	Ravi borrowed ₹1,380 from a bank which he repaid in 6 years at the rate of 6% per annum simple interest. If payment was made in six equal installment, then each installment was ?	रनव नेबैंक से₹1380 उधार निए, नजन्हेंउसने6% वानर्षिक साधारण ब्याज की दर से6 वर्षों मेंचुका नदया। यनद भुगतान 6 समान नकश्ो ं मेंनकया गया, तो प्रत्येक नकश् नकतनी थी?	"(a) ₹220
(b) ₹200(c) ₹180(d) ₹190"65	In a store, Arun has two options to buy a mobile phone, either he can pay the full amount of Rs.2,500 or he may buy at an installment scheme, i.e. Rs.520 in down payment and four equal installments, rate of interest being charged at 25% p.a. simple interest. Arun buys a mobile phone on the installment scheme. What is the monthly installment for Arun ?	एक दु कान मेंअरुण के पास मोबाइि खरीदनेके दो नवकल्प हैं: या तो वह ₹2500 एकमुश् दे, या नकश् योजना में₹520 डाउन पेमेंट देकर 4 समान मानसक नकश्ेंदे। ब्याज दर 25% वानर्षिक साधारण ब्याज है। यनद अरुण नकश् योजना चुनता है, तो उसकी प्रत्येक मानसक नकश् नकतनी होगी?	"(a) Rs.510
(b) Rs.530(c) Rs.550(d) Rs.520"66	What annual instalment will discharge a debt of ₹26,160 due in 4 years at 6% simple interest p.a. ?	4 वर्षों मेंदेय ₹26,160 के ऋण को 6% वानर्षिक साधारण ब्याज की दर पर चुकानेके निए वानर्षिक नकश् नकतनी होनी चानहए?	"(a) ₹4,500
(b) ₹5,500(c) ₹6,000(d) ₹5,800"67	What annual installment will discharge a debt of ₹10,192 due in 3 years at 10% simple interest ?	3 वर्षों मेंदेय ₹10,192 के ऋण को 10% साधारण ब्याज की दर पर चुकानेके निए वानर्षिक नकश् नकतनी होगी?	"(a) ₹3,144.48
(b) ₹3,044.48(c) ₹3,088.48(d) ₹3,188.48"68	Find the total amount of debt that will be discharged by 5 equal installments of ₹200 each, if the debt is due in 5 years at 5% p.a. at simple interest ?	यनद कोई ऋण 5% वानर्षिक साधारण ब्याज पर 5 वर्षों मेंदेय है, तो ₹200 की 5 समान नकश्ो ंद्वारा चुकाए जानेवािेकु ि ऋण की रानि ज्ञात कीनजए।	"(a) ₹1200
(b) ₹1100(c) ₹1255(d) ₹1400"69	The amount of debt that will be discharged by 5 equal monthly installments of ₹1,845 each, at the rate of 48% simple interest per annum, is ?	48% वानर्षिक साधारण ब्याज की दर से₹1845 की 5 समान मानसक नकश्ो ंद्वारा चुकाए जानेवािेऋण की रानि क्या होगी?	"(a) ₹9,936
(b) ₹9,468(c) ₹9,048(d) ₹9,963"70	A computer is available for ₹39,000 on cash payment or ₹19,000 as cash payment followed by five monthly installments of ₹4,200 each. What is the rate of interest per annum under the installment plan ?	एक कं प्यूटर नकद भुगतान पर ₹39,000 मेंउपिब्ध है, या ₹19,000 डाउन पेमेंट और उसके बाद ₹4200 की 5 मानसक नकश्ो ंमेंखरीदा जा सकता है। नकश् योजना के अंतगित वानर्षिक ब्याज दर क्या है?	"(a) 20 19/29%
(b) 20 17/29%(c) 20 20/29%(d) 20 18/29%"71	A sum of Rs.10 is lent by a child to his friend to be returned in 11 monthly installments of Rs.1 each, the interest being simple. The rate of interest is ?	एक बच्चेनेअपनेनमत्र को ₹10 उधार नदए, नजन्हें₹1 की 11 मानसक नकश्ो ंमेंिौटाया जाना है। ब्याज साधारण है। ब्याज की दर क्या है?	"(a) 11 9/11%
(b) 21 9/11%(c) 10 2/11%(d) 9 1/11%"72	An annual installment of ₹3,500 will discharge a debt of ₹16,310 due in 4 years at y% simple interest per annum. What is the value of y ? [Note :- Installments will be paid at the end of Year 1, Year 2, Year 3 and Year 4] ?	₹3500 की वानर्षिक नकश्, 4 वर्षों मेंदेय ₹16,310 के ऋण को y% वानर्षिक साधारण ब्याज की दर पर चुका देगी। y का मान क्या है? [ध्यान दें: नकश्ेंवर्षि1, 2, 3 और 4 के अंत मेंदी जाएाँ गी।]	"(a) 11.5%
(b) 10.5%(c) 16.5%(d) 11%1A refrigerator of Mrp Rs X is available in 9 monthlyinstallment if 500 each at the rate ig 33.33%pa, findMRP of refrigerator?MRP x रुपयेका एक रे निजरेटर 33.33% प्रनत वर्षिकी दर पर500 रुपयेप्रत्येक की 9 मानसक नकस्ो ंमेंउपिब्ध है, रे निजरेटरकी mrp ज्ञात करें?40002500420050002kishore purchases a track suit for Rs x or canbe buy in two monthly installment of rs 800each at the rate of 120, Find X ?नकिोर ने× रुपयेमेंएक टरैक सूट खरीदा या इसे120रुपयेकी दर से800 रुपयेकी दो मानसक नकस्ो ंमेंखरीदा जा सकता है, x ज्ञात करें?1200140016001800"73	A clock is sold for ₹550 cash or in the instalment scheme, for ₹250 cash down payment and ₹310 after one month. Find the rate of interest charged in the installment scheme ?	एक घड़ी ₹550 नकद मेंबेची जाती है, या नकश् योजना में₹250 डाउन पेमेंट और 1 महीनेबाद ₹310 देकर खरीदी जा सकती है। नकश् योजना मेंिगाई गई ब्याज दर ज्ञात कीनजए।	"(a) 35%
(b) 45%(c) 40%(d) 20%"74	A car with a price of ₹6,50,000 is bought by making some down payment. On the balance, a simple interest of 10% is charged in lump sum and the money is to be paid in 20 equal annual installments of ₹25,000. How much is the down payment ?	₹6,50,000 कीमत की एक कार कु छ डाउन पेमेंट देकर खरीदी जाती है। िेर्ष रानि पर 10% साधारण ब्याज एकमुश् िगाया जाता हैऔर यह रानि ₹25,000 की 20 समान वानर्षिक नकश्ो ंमेंचुकाई जाती है। डाउन पेमेंट नकतना था?	"(a) ₹1,55,945
(b) ₹1,95,455(c) ₹1,94,555(d) ₹1,45,955"75	A person borrows Rs.1,00,000 from a bank at 10% per annum simple interest and clears the debt in five years. If the installment paid at the end of the first, second, third and fourth years to clear the debt are Rs.10,000, Rs.20,000, Rs.30,000 and Rs.40,000, respectively, what amount should be paid at the end of the fifth year to clear the debt ?	एक व्यक्ति बैंक से₹1,00,000, 10% वानर्षिक साधारण ब्याज पर उधार िेता हैऔर 5 वर्षों मेंऋण चुकाता है। यनद पहिे, दूसरे , तीसरे और चौथेवर्षिके अंत मेंवह क्रमिः ₹10,000, ₹20,000, ₹30,000 और ₹40,000 की नकश्ेंदेता है, तो पााँचवेंवर्षिके अंत मेंऋण समाप्त करनेके निए उसेनकतनी रानि देनी होगी?	"(a) Rs.38,250
(b) Rs.39,490(c) Rs.40,450(d) Rs.36,450"76	A sum borrowed under compound interest double itself in 12 years. When will it become four fold of itself at the same rate of interest ?	चक्रिृक्ति ब्याज पर उधार िी गई एक रावि 12 िषों मेंदतगुनी हत जाती है। उसी ब्याज दर पर िह अपनेआप की चार गुनी कब हतगी?	"(a) 24 years
(b) 15 years(c) 20 years(d) 40 years"77	When interest is compounded annually, the amount of money in a bank account doubles in 6 years. How many years will it take to multiply this amount in the bank 8 times ?	जब ब्याज िावषिक रूप सेचक्रिृक्ति हतता है, तत बैंक खातेमें रावि 6 िषों मेंदतगुनी हत जाती है। िही रावि 8 गुनी हतनेमें वकतनेिषििेगी?	"(a) 21
(b) 15(c) 18(d) 14"78	If the interest rate per annum is 12% which is compounded annually, in what time Rs.1250 will double itself ?	यवद ब्याज दर 12% िावषिक हैऔर ब्याज िावषिक रूप से चक्रिृक्ति हतता है, तत ₹1250 अपनेआप का दतगुना वकतने समय मेंहतगा?	"(a) 8 years
(b) 6 years(c) 12 years(d) 10 years"79	In how many years will Rs.975 will double itself at 4% per annum compound interest ?	₹975, 4% िावषिक चक्रिृक्ति ब्याज पर अपनेआप का दतगुना वकतनेिषों मेंहतगा?	"(a) 20
(b) 18.5(c) 19.33(d) 17.67"80	The minimum time in which some amount will become thrice of itself at 25% rate of compound interest ?	25% की चक्रिृक्ति ब्याज दर पर कतई रावि कम-से-कम वकतने समय मेंअपनेआप की तीन गुनी हतगी?	"(a) 3 years
(b) 6 years(c) 7 years(d) 5 years"81	Any certain amount was invested at a certain compound interest rate. The compound after five years is 1.1881 times of the amount obtained in three years. What is percentage rate of interest ?	एक वनवित रावि वकसी चक्रिृक्ति ब्याज दर पर वनिेि की गई। 5 िषों बाद प्राप्त रावि, 3 िषों बाद प्राप्त रावि की 1.1881 गुना है। ब्याज दर प्रवतित क्या है?	"(a) 9.2%
(b) 8%(c) 8.1%(d) 9%"82	Ashok invested ₹12000 in a post office for 3 years at 5% compound interest. If the interest is compounded once a year, what amount will he get after 3 years?	अितक ने₹12000 डाकघर में3 िषों के विए 5% चक्रिृक्ति ब्याज पर वनिेि वकए। यवद ब्याज साि मेंएक बार जतडा जाता है, तत 3 िषों बाद उसेवकतनी रावि वमिेगी?	"(a) 13891.50
(b) 11,819.5(c) 12,891.50(d) 13,981.50"83	Geeta deposited a certain sum of money in her bank account, which amount to ₹18,522 at 5% per annum in 3 years, the interest being compounded annually. How much money did he deposited ?	गीता नेअपनेबैंक खातेमेंएक नननित रानि जमा की, जो 5% वानषिक चक्रवृद्धि ब्याज पर 3 वषों में₹18,522 हो गई। उसने नकतनी रानि जमा की थी?	"(a) 16,000
(b) 15,000(c) 14,000(d) 15,500"84	What will be the compound interest on an amount of ₹20000 at the rate of 12 percent per annum after three years. If the interest is compounded annually ?	₹20000 पर 12% वानषिक दर से3 वषों बाद, जब ब्याज वानषिक रूप सेचक्रवृद्धि हो, तो चक्रवृद्धि ब्याज नकतना होगा?	"(a) 8,050
(b) 8,520.00(c) 8098.56(d) 8,956.86"85	What is the compound interest (in ₹) on a sum of 42,000 for 2⅖ years at 15% per annum, interest being compounded annually (nearest to a ₹) ?	₹42,000 पर 15% वानषिक दर से2⅖ वषों के निए, जब ब्याज वानषिक रूप सेचक्रवृद्धि हो, चक्रवृद्धि ब्याज (₹ में) नकतना होगा? (ननकटतम रुपयेतक)	"(a) 16458
(b) 17458(c) 16878(d) 14485"86	What is the compound interest on a sum of ₹10,000 at 14% p.a. for 2 5/7 years where the interest is compounded yearly ? (nearest to ₹)	₹10,000 पर 14% वानषिक दर से2 5/7 वषों के निए, जब ब्याज प्रनतवषिचक्रवृद्धि हो, चक्रवृद्धि ब्याज नकतना होगा? (ननकटतम रुपयेतक)	"(a) 4,394
(b) 4,259(c) 4,296(d) 4,439"87	If the interest is compounded quarterly, what will be a sum of ₹70000 amount in one year at 16% per annum (rounded off) ?	यनद ब्याज नतमाही रूप सेचक्रवृद्धि हो, तो ₹70000 की रानि 16% वानषिक दर पर 1 वषिमेंनकतनी हो जाएगी? (राउंड ऑफ करें)	"(a) 81370
(b) 81890(c) 81770(d) 81930"88	What will be the compound interest on ₹20000 at 10% annum for 1½ years, when the interest compounded half yearly ?	₹20000 पर 10% वानषिक दर से1½ वषों के निए, जब ब्याज अधिवानषिक रूप सेचक्रवृद्धि हो, तो चक्रवृद्धि ब्याज नकतना होगा?	"(a) 3,450.75
(b) 3152.50(c) 3,225.75(d) 3,125.75"89	What is the compound interest on ₹10,000 for 9 months at the rate of 4% per annum, when interest is compounded quarterly ?	₹10,000 पर 4% वानषिक दर से9 महीनो ंके निए, जब ब्याज त्रैमानसक रूप सेचक्रवृद्धि हो, चक्रवृद्धि ब्याज नकतना होगा?	"(a) 305
(b) 303.01(c) 309.05(d) 302.50"90	What will be the compound interest (in ₹) received on a sum of ₹31250 in two years at 12% annual interest compounded every 8 months ?	₹31,250 पर 12% वानषिक दर से2 वषों में, जब ब्याज प्रत्येक 8 महीनेपर चक्रवृद्धि हो, तो चक्रवृद्धि ब्याज (₹ में) नकतना होगा?	"(a) 8274
(b) 8116(c) 6714(d) 9171"91	What is the compound interest of a sum of Rs.5400 for 5/4 years at 8% per annum, if the interest is compounded 5-monthly ?	₹5400 पर 8% वानषिक दर से5/4 वषों के निए, यनद ब्याज प्रत्येक 5 महीनेपर चक्रवृद्धि हो, तो चक्रवृद्धि ब्याज नकतना होगा?	"(a) 538
(b) 558(c) 548(d) 528"92	What is the difference (in Rs.) between the interests on Rs. 25,000 per one year at 8% per annum compounded half yearly and yearly ?	₹25,000 पर 8% वानषिक दर से1 वषिके निए, अधिवानषिक और वानषिक चक्रवृद्धि ब्याज मेंनकतना अंतर (₹ में) होगा?	"(a) 50
(b) 40(c) 35(d) 25"93	₹20000 is lent at 16% per annum compound interest. What is the difference between the compound interest for the second year and the third year ?	₹20,000 को 16% वानषिक चक्रवृद्धि ब्याज पर उधार नदया गया। दूसरेवषिऔर तीसरेवषिके चक्रवृद्धि ब्याज मेंनकतना अंतर होगा?	"(a) ₹548
(b) ₹593.92(c) ₹545.44(d) ₹594.88"94	A sum of 16,000 is lent at 10% p.a. compound interest, compounded annually. What is the difference between the compound interest for 3rd year and 4th year ?	₹16,000 को 10% वानषिक चक्रवृद्धि ब्याज पर, प्रनतवषि चक्रवृद्धि के साथ उधार नदया गया। तीसरेवषिऔर चौथेवषिके चक्रवृद्धि ब्याज मेंनकतना अंतर होगा?	"(a) 195.40
(b) 193.60(c) 180.60(d) 220.80"95	The difference between compound interest (compounded annually) and simple interest on a sum of ₹85000 in 2 years is ₹1224. Find the annual interest rate ?	₹85,000 पर 2 वषों के निए वानषिक चक्रवृद्धि ब्याज और साधारण ब्याज का अंतर ₹1224 है। वानषिक ब्याज दर ज्ञात कीनजए।	"(a) 10%
(b) 12%(c) 5%(d) 8%"96	The difference between compound interest and simple interest on ₹x for 2 years at 15% per annum is ₹27. What is the value of x ?	₹x पर 2 वषों के निए 15% वानषिक दर सेचक्रवृद्धि ब्याज और साधारण ब्याज का अंतर ₹27 है। x का मान क्या है?	"(a) 1200
(b) 900(c) 800(d) 1000"97	The difference between compound interest and simple interest on a sum of money at 15% per annum compounded annually for 2 years at ₹1125. Find the compound interest (in ₹) received on the same amount for the same period at 10% annual interest rate. if the interest is compounded annually ?	नकसी रानि पर 15% वानषिक दर से2 वषों के निए, वानषिक चक्रवृद्धि ब्याज और साधारण ब्याज का अंतर ₹1125 है। उसी रानि पर समान अवनध के निए 10% वानषिक दर से, यनद ब्याज वानषिक रूप सेचक्रवृद्धि हो, तो चक्रवृद्धि ब्याज (₹ में) नकतना होगा?	"(a) ₹10,000
(b) ₹10,500(c) ₹12,500(d) ₹11525"98	What is the difference (in ₹) between the simple interest and the compound interest on a sum of ₹5000 for 2⅖ years at the rate of 10% p.a., when the interest is compounded yearly ?	₹5000 पर 10% वानषिक दर से2⅖ वषों के निए, जब ब्याज प्रनतवषिचक्रवृद्धि हो, साधारण ब्याज और चक्रवृद्धि ब्याज में नकतना अंतर (₹ में) होगा?	"(a) ₹90
(b) ₹92(c) ₹95(d) ₹98"99	What is the difference between the Compound interest and Simple interest, When interest is compounded 5 monthly on a sum of 12800 for 5/4 years at 12% p.a ?	₹12800 पर 12% वानषिक दर से5/4 वषों के निए, जब ब्याज प्रत्येक 5 महीनेपर चक्रवृद्धि हो, साधारण ब्याज और चक्रवृद्धि ब्याज मेंनकतना अंतर होगा?	"(a) 90
(b) 98(c) 94(d) 85"100	If the different between simple interest and compound interest on a certain sum of money at 10% per annum for 3 years is equal to ₹310 then what is the interest on that sum ?	यनद नकसी रानि पर 10% वानषिक दर से3 वषों के निए साधारण ब्याज और चक्रवृद्धि ब्याज का अंतर ₹310 है, तो उस रानि पर ब्याज नकतना है?	"(a) 10,000
(b) 9,500(c) 12,000(d) 8,000"101	If the difference between the compound interest and the simple interest on a certain sum of money for 3 years at 10% per annum, compounded annually, is ₹217, then find the amount (in ₹) ?	यनद नकसी रानि पर 3 वषों के निए 10% वानषिक दर से, वानषिक चक्रवृद्धि के साथ, साधारण ब्याज और चक्रवृद्धि ब्याज का अंतर ₹217 है, तो रानि (₹ में) ज्ञात कीनजए।	"(a) 7,500
(b) 8,500(c) 7,000(d) 8,000"102	The difference between CI and Si on a certain sum of money is rupees 9.75 in 3 years, if the rate of interest in three years is 5% ,14.28% and 9.09% respectively find the principal ?	नकसी रानि पर 3 वषों मेंचक्रवृद्धि ब्याज और साधारण ब्याज का अंतर ₹9.75 है, यनद तीनो ंवषों की ब्याज दरेंक्रमिः 5%, 14.28% और 9.09% हो ं, तो मूिधन ज्ञात कीनजए।	"(a) 308
(b) 385(c) 264(d) 366"103	The difference between CI and SI for a certain amount for the third year is rupees 107.80 if rate of interest for 1st and 2nd and 3rd year 14.28%, 16.66% and 11.11% respectively. Find principal ?	नकसी रानि के निए तीसरेवषिमेंचक्रवृद्धि ब्याज और साधारण ब्याज का अंतर ₹107.80 है, यनद पहिे, दूसरेऔर तीसरेवषि की ब्याज दरेंक्रमिः 14.28%, 16.66% और 11.11% हो ं। मूिधन ज्ञात कीनजए।	"(a) 2496
(b) 2872.80(c) 2910.60(d) 2455.10"104	Find the rate% if the difference between simple interest and compound interest for the 2nd year is ₹100 and for 3rd year is ₹312 ?	यनद दूसरेवषिके निए साधारण ब्याज और चक्रवृद्धि ब्याज का अंतर ₹100 हैतथा तीसरेवषिके निए यह अंतर ₹312 है, तो ब्याज दर प्रनतित ज्ञात कीनजए।	"(a) 10%
(b) 15%(c) 20%(d) 12%"105	Find the rate% if the difference between simple interest and compound interest for the 2nd year is 112 and for 3rd year is 352 ?	यनद दूसरेवषिके निए साधारण ब्याज और चक्रवृद्धि ब्याज का अंतर ₹112 हैतथा तीसरेवषिके निए यह अंतर ₹352 है, तो ब्याज दर प्रनतित ज्ञात कीनजए।	"(a) 12.5%
(b) 14.28%(c) 10%(d) 15%"106	The ratio of the difference between Ci and Si for 2 years and 2.5 years is 9:19, Then find the rate of interest per annum ?	2 वषिऔर 2.5 वषिके निए चक्रवृद्धि ब्याज तथा साधारण ब्याज के अंतर का अनुपात 9:19 है। वानषिक ब्याज दर ज्ञात कीनजए।	"(a) 11.11%
(b) 22.22%(c) 15%(d) 25%"107	The difference of the compound interest and simple interest for 2 years and 9 months and for 2 years are in ratio 8:3. What is the rate of interest per annum ?	2 वषि9 महीनेऔर 2 वषिके निए चक्रवृद्धि ब्याज तथा साधारण ब्याज के अंतर का अनुपात 8:3 है। वानषिक ब्याज दर क्या है?	"(a) 14.28%
(b) 16.66%(c) 20%(d) 22.22%"108	If the ratio of difference between si and ci for 2 years and 4 years is 4:33. Find Rate% ?	यनद 2 वषिऔर 4 वषिके निए साधारण ब्याज तथा चक्रवृद्धि ब्याज के अंतर का अनुपात 4:33 है, तो ब्याज दर प्रनतित ज्ञात कीनजए।	"(a) 37.5
(b) 50(c) 45(d) 60"109	A sum of 2000 is invested on compound interest (compounding annually) for 3 years. If the rate of interest is 10% per annum for the first two years and 30% per annum for the third year, then what will be the interest ?	₹2000 की रानि 3 वषों के निए वानषिक चक्रवृद्धि ब्याज पर ननवेि की गई। पहिेदो वषों के निए ब्याज दर 10% वानषिक और तीसरेवषिके निए 30% वानषिक है। कु ि ब्याज नकतना होगा?	"(a) 1112
(b) 1146(c) 1215(d) 1156"110	The compound interest on a certain sum of money at 21% per annum compound for 2 years is ₹12994.80 (interest is compounded annually). What will be the amount received after 2 years ?	नकसी रानि पर 21% वानषिक दर से2 वषों का वानषिक चक्रवृद्धि ब्याज ₹12994.80 है। 2 वषों बाद कु ि रानि नकतनी होगी?	"(a) 40,138.40
(b) 40,538.040(c) 40994.80(d) 40,315.40"111	The compound interest on a certain sum at 10% p.a. for 2⅓ years is ₹1,051.40, interest compounded yearly. The sum is ?	नकसी रानि पर 10% वानषिक दर से2⅓ वषों का, वानषिक चक्रवृद्धि के साथ, चक्रवृद्धि ब्याज ₹1051.40 है। मूि रानि क्या है?	"(a) ₹4,500
(b) ₹4,200(c) ₹4,800(d) ₹5,400"112	A sum of ₹14,000 becomes ₹16,940 after 2 years on compound interest compounded annually, What will be the compound interest (in ₹) on the same sum for the same period if the rate of interest increases by 5% ?	₹14,000 की राशि 2 वर्षों बाद वाशर्षिक चक्रवृद्धि ब्याज पर ₹16,940 हो जाती है। यशद ब्याज दर 5% बढा दी जाए, तो उसी राशि पर समान अवशध के शिए चक्रवृद्धि ब्याज (₹ में) शकतना होगा?	"(a) 4,845
(b) 4,515(c) 4,805(d) 4,500"113	At what rate percent per annum will a sum of ₹31,250 amount to ₹43,904 in three years, if the interest is compounded annually ?	₹31,250 की राशि 3 वर्षों मेंवाशर्षिक चक्रवृद्धि ब्याज पर ₹43,904 हो जाती है। वाशर्षिक ब्याज दर प्रशतित क्या है?	"(a) 8%
(b) 10%(c) 12%(d) 9%"114	A man invested a sum of money at compound interest. It amounted to ₹12100 in two years and to ₹13310 in three years. The rate of interest per annum is ?	एक व्यद्धि नेएक राशि चक्रवृद्धि ब्याज पर शनवेि की। वह 2 वर्षों में₹12,100 और 3 वर्षों में₹13,310 हो गई। वाशर्षिक ब्याज दर क्या है?	"(a) 11%
(b) 9.5%(c) 12.5%(d) 10%"115	A sum amounts to ₹4680 in 2 years and ₹5616 in 3 years at compound interest. The sum (in Rs.) is ?	एक राशि चक्रवृद्धि ब्याज पर 2 वर्षों में₹4680 और 3 वर्षों में ₹5616 हो जाती है। मूिधन (₹ में) क्या है?	"(a) 3,850
(b) 3,050(c) 3,560(d) 3,250"116	A sum amounts to ₹23,760 after 3 years and to ₹42,768 after 6 years, at a certain rate percent p.a., when the interest is compounded annually. The sum is ?	एक राशि वाशर्षिक चक्रवृद्धि ब्याज पर 3 वर्षों बाद ₹23,760 और 6 वर्षों बाद ₹42,768 हो जाती है। मूि राशि क्या है?	"(a) 14,200 Rs.
(b) 12,800 Rs.(c) 13,800 Rs.(d) 13,200 Rs."117	The compound interest and the amount obtained, on a certain sum of money are ₹1230 and ₹13,230 respectively after 2 years. If the rate of interest compounded yearly, then the rate of interest is ?	शकसी राशि पर 2 वर्षों बाद प्राप्त चक्रवृद्धि ब्याज ₹1230 और कु ि राशि ₹13,230 है। यशद ब्याज प्रशतवर्षिचक्रवृद्धि हो, तो ब्याज दर क्या है?	"(a) 8%
(b) 7%(c) 5%(d) 6%"118	If compound interest received on a certain amount in the 3rd year is Rs. 12,600, what will be the compound interest (in Rs) for the 4th year on the same amount if rate of interest is 8% ?	यशद शकसी राशि पर तीसरेवर्षिमेंप्राप्त चक्रवृद्धि ब्याज ₹12,600 है, तो उसी राशि पर 8% की दर सेचौथेवर्षिका चक्रवृद्धि ब्याज (₹ में) शकतना होगा?	"(a) 13088
(b) 13608(c) 13180(d) 13370"119	Find the compound interest received in 2nd year if the compound interest received in 3rd and 5th year is 576 and 729 ?	यशद तीसरेऔर पााँचवेंवर्षिमेंप्राप्त चक्रवृद्धि ब्याज क्रमिः ₹576 और ₹729 है, तो दूसरेवर्षिमेंप्राप्त चक्रवृद्धि ब्याज ज्ञात कीशजए।	"(a) 500
(b) 512(c) 550(d) 524"120	The compound interest on ₹10000 at 20% per annum is ₹4641. If compounding is done half yearly, for how many years was the principal invested ?	₹10,000 पर 20% वाशर्षिक दर सेचक्रवृद्धि ब्याज ₹4641 है। यशद ब्याज अधिवाशर्षिक रूप सेचक्रवृद्धि शकया जाए, तो मूिधन शकतनेवर्षों के शिए शनवेशित था?	"(a) 4
(b) 6(c) 2(d) 3"121	A certain sum of money was lent for a period of 1 year 9 month at a rate of 10% per annum compounded annually. If the compound interest is ₹1825. Find the amount of money lent ?	एक शनशित राशि 1 वर्षि9 महीनेके शिए 10% वाशर्षिक दर पर, वाशर्षिक चक्रवृद्धि ब्याज पर उधार दी गई। यशद चक्रवृद्धि ब्याज ₹1825 है, तो उधार दी गई राशि ज्ञात कीशजए।	"(a) 8,000
(b) 9,000(c) 9,500(d) 10,000"122	When interest is compounded every 8 months, the compound interest received on a sum of money in 1⅓ year at 12% annual interest rate is ₹3328. At the same rate of interest, if the interest is compounded annually. What will be the same amount of money in four years (in ₹ to the nearest) ?	जब ब्याज प्रत्येक 8 महीनेपर चक्रवृद्धि शकया जाता है, तो 12% वाशर्षिक ब्याज दर पर 1⅓ वर्षिमेंशकसी राशि पर चक्रवृद्धि ब्याज ₹3328 प्राप्त होता है। उसी ब्याज दर पर, यशद ब्याज प्रशतवर्षि चक्रवृद्धि हो, तो वही राशि 4 वर्षों मेंशकतनी हो जाएगी? (शनकटतम रुपयेतक)	"(a) 31270
(b) 31470(c) 31370(d) 30670"123	A sum of ₹8,000 invested at 10% p.a. amounts to ₹9,261 in a certain time, interest compounded half yearly. What will be the compound interest (in ₹) on the same sum for the same time at double the earlier rate of interest, when interest is compounded annually ?	₹8,000 की राशि 10% वाशर्षिक दर पर अधिवाशर्षिक चक्रवृद्धि के साथ शकसी समय में₹9,261 हो जाती है। उसी समय के शिए, यशद ब्याज दर पहिेकी दोगुनी हो और ब्याज प्रशतवर्षिचक्रवृद्धि हो, तो चक्रवृद्धि ब्याज (₹ में) शकतना होगा?	"(a) ₹2,520
(b) ₹2,480(c) ₹2,500(d) ₹2,560"124	Gagan borrowed a sum of ₹1200 at 8% compound interest per annum. He paid ₹496 at the end of the first year and ₹264 at the end of the second year. How much will be have to be pay (to the nearest rupees) to clear his dues at the and of 4 years ?	गगन ने₹1200, 8% वाशर्षिक चक्रवृद्धि ब्याज पर उधार शिए। उसनेपहिेवर्षिके अंत में₹496 और दूसरेवर्षिके अंत में₹264 चुका शदए। 4 वर्षों के अंत मेंबकाया समाप्त करनेके शिए उसे शकतनी राशि (शनकटतम रुपयेतक) चुकानी होगी?	"(a) ₹900
(b) ₹700(c) ₹600(d) ₹800"125	A person borrowed a sum of ₹28,400 at 10% per annum for 3 years. Interest compounded annually. At the end of the second year, he paid a sum of ₹14364. At the end of IIIrd year he paid Rs. x to clear of the debt Find the value of x ?	एक व्यद्धि ने₹28,400, 10% वाशर्षिक चक्रवृद्धि ब्याज पर 3 वर्षों के शिए उधार शिए। दूसरेवर्षिके अंत मेंउसने₹14,364 चुकाए। तीसरेवर्षिके अंत मेंउसनेपूरा ऋण चुकानेके शिए ₹x चुकाए। x का मान ज्ञात कीशजए।	"(a) 22,000
(b) 26,000(c) 22,010(d) 21,500"126	A person borrowed a certain sum at 10% p.a. for three years, interest being compound annually. At the end of two years, he repaid a sum of ₹4965 and at the end of the third year, he cleared off the debt by paying ₹16,500. What was the sum borrowed him ?	एक व्यद्धि नेशकसी राशि को 10% वाशर्षिक चक्रवृद्धि ब्याज पर 3 वर्षों के शिए उधार शिया। 2 वर्षों के अंत मेंउसने₹4965 चुकाए और तीसरेवर्षिके अंत में₹16,500 देकर पूरा ऋण समाप्त कर शदया। उसनेप्रारंभ मेंशकतनी राशि उधार िी थी?	"(a) 16,400
(b) 15,600(c) 16,500(d) 15,400"127	Atul borrowed a sum of Rs. 8000 and agreed to repay it by paying Rs. 3960 at the end of first year and Rs. 5600 at the end of second year. What is the rate of compound interest compounded annually ?	अतुि ने₹8000 उधार शिए और सहमशत दी शक वह पहिेवर्षि के अंत में₹3960 और दूसरेवर्षिके अंत में₹5600 चुकाएगा। यशद ब्याज वाशर्षिक रूप सेचक्रवृद्धि होता है, तो चक्रवृद्धि ब्याज की दर क्या है?	"(a) 8
(b) 10(c) 12(d) 15"128	Sudha invested her saving in schemes A and B in the ratio 3:5, each for 1½ years. Scheme A offers intrest at a rate of 20% per annum compounded 6 – monthly, where as scheme B offers interest at a rate of 10% per annum compounded annually. If the difference between the interests received from A and B is Rs152.60, then the money invested in scheme B is ?	सुधा नेअपनी बचत को योजना A और B में3:5 के अनुपात में, प्रत्येक में1½ वर्षिके शिए शनवेि शकया। योजना A में20% वाशर्षिक दर सेप्रत्येक 6 महीनेपर चक्रवृद्धि ब्याज शमिता है, जबशक योजना B में10% वाशर्षिक दर सेवाशर्षिक चक्रवृद्धि ब्याज शमिता है। यशद A और B सेप्राप्त ब्याजो ंका अंतर ₹152.60 है, तो योजना B मेंशनवेशित राशि शकतनी है?	"(a) Rs 4000
(b) Rs 4500(c) Rs 3000(d) Rs 3500"129	An amount of Rs 1450 was given as a loan at the beginning of the year at a certain percentage per annum. After 8 months, an amount of Rs 725 was given as loan but this time the rate was double than before. At the end of the year, Rs 67 was received as interest from both the loans. What was the original interest rate ?	वर्षिकी िुरुआत में₹1450 की राशि शकसी शनशित वाशर्षिक ब्याज दर पर ऋण के रूप मेंदी गई। 8 महीनेबाद ₹725 की राशि और ऋण के रूप मेंदी गई, िेशकन इस बार ब्याज दर पहिेकी दोगुनी थी। वर्षिके अंत मेंदोनो ंऋणो ंसेकु ि ₹67 ब्याज प्राप्त हुआ। मूि ब्याज दर क्या थी?	"(a) 8.47%
(b) 13.47%(c) 3.47%(d) 5.47%"130	A sum is deposited for 4 years at a rate of 10% per annum compounded annually. The difference between the interest received at the end of 2 years and the received at the end of 4 years is ₹7623. Find the sum (in ₹).	एक राशि 4 वर्षों के शिए 10% वाशर्षिक दर पर वाशर्षिक चक्रवृद्धि ब्याज के साथ जमा की जाती है। 2 वर्षों के अंत मेंप्राप्त ब्याज और 4 वर्षों के अंत मेंप्राप्त ब्याज का अंतर ₹7623 है। मूि राशि (₹ में) ज्ञात कीशजए।	"(a) 20,000
(b) 30,000(c) 25,000(d) 25,500"131	A sum of money on simple interest doubles itself in 8 years and on compound interest if the interest is compounded annually, the sum becomes four times of itself in 2 years. Find the ratio of the annual rates of simple interest and compound interest proposed ?	एक राशि साधारण ब्याज पर 8 वर्षों मेंदोगुनी हो जाती हैऔर चक्रवृद्धि ब्याज पर, यशद ब्याज प्रशतवर्षिचक्रवृद्धि हो, तो वही राशि 2 वर्षों मेंचार गुनी हो जाती है। साधारण ब्याज और चक्रवृद्धि ब्याज की वाशर्षिक दरो ंका अनुपात ज्ञात कीशजए।	"(a) 3 : 5
(b) 1 : 8(c) 2 : 3(d) 5 : 3"132	The simple interest on a sum at 4% per annum in 3 years is ₹312. What will be the compound interest on this amount compounded annually at the rate of 5% per annum for 2 years ?	शकसी राशि पर 4% वाशर्षिक दर से3 वर्षों का साधारण ब्याज ₹312 है। उसी राशि पर 5% वाशर्षिक दर से2 वर्षों के शिए, जब ब्याज प्रशतवर्षिचक्रवृद्धि हो, चक्रवृद्धि ब्याज शकतना होगा?	"(a) 260.5
(b) 265(c) 275(d) 266.5"133	A person deposited ₹12800 in a fixed deposit at 10% per annum simple interest. After every second year he adds the interest earned to the principal. The interest at the end of 4 years is ?	एक व्यद्धि ने₹12,800 की राशि 10% वाशर्षिक साधारण ब्याज पर शिक्स्ड शिपॉशजट मेंजमा की। प्रत्येक दूसरेवर्षिके बाद वह अशजित ब्याज को मूिधन मेंजोड़ देता है। 4 वर्षों के अंत मेंकु ि ब्याज शकतना होगा?	"(a) ₹6,652
(b) ₹5972(c) ₹5632(d) ₹5742"134	Rs. 6000 amounted to Rs 6615 in 2 years at a certain rate of Compound Interest. In what time will Rs 8500 amount to Rs 9775 at the same rate of simple interest( in years) ?	₹6000 की राशि 2 वर्षों मेंशकसी चक्रवृद्धि ब्याज दर पर ₹6615 हो जाती है। उसी ब्याज दर पर साधारण ब्याज में ₹8500 की राशि ₹9775 बननेमेंशकतना समय (वर्षों में) िगेगा?	"(a) 2
(b) 3(c) 2.5(d) 1"135	If Rs 5376 amounts 6804 at a compound interest rate in a certain number of years, find the amount in half of the time ?	यशद ₹5376 की राशि शकसी चक्रवृद्धि ब्याज दर पर शनशित समय में₹6804 हो जाती है, तो उसी दर पर आधेसमय में राशि शकतनी होगी?	"(a) 6068
(b) 6362(c) 6048(d) 6242"136	If in a certain number of years ₹6591 amounts ₹8232 at compound interest, find the amount in 1/3rd of the time ?	यशद शकसी शनशित समय में₹6591 की राशि चक्रवृद्धि ब्याज पर ₹8232 हो जाती है, तो उसी दर पर 1/3 समय मेंराशि शकतनी होगी?	"(a) 7312
(b) 7098(c) 7478(d) 7462"137	An amount of money appreciates to Rs 3267 after 8 years and 3993 after 12 years at a certain rate of Compound interest. Find the initial amount of money ?	एक राशि चक्रवृद्धि ब्याज पर 8 वर्षों बाद ₹3267 और 12 वर्षों बाद ₹3993 हो जाती है। प्रारं शभक राशि ज्ञात कीशजए।	"(a) 3430
(b) 2187(c) 3340(d) 3443"138	If 14 years compound interest is Rs 216 and 28 years compound interest is Rs 816 on a certain amount, find the compound interest of 35 years ?	यशद शकसी राशि पर 14 वर्षों का चक्रवृद्धि ब्याज ₹216 और 28 वर्षों का चक्रवृद्धि ब्याज ₹816 है, तो 35 वर्षों का चक्रवृद्धि ब्याज शकतना होगा?	"(a) 1440
(b) 1441(c) 1442(d) None"139	If 8 years compound interest is Rs 400 and 16 years compound interest is Rs 1300 on a certain amount, find the compound interest of 20 years ?	यशद शकसी राशि पर 8 वर्षों का चक्रवृद्धि ब्याज ₹400 और 16 वर्षों का चक्रवृद्धि ब्याज ₹1300 है, तो 20 वर्षों का चक्रवृद्धि ब्याज शकतना होगा?	"(a) 2340
(b) 2111(c) 2250(d) None."140	Loan was given at compound interest. The amounts to ₹3750 in 1 year and ₹4374 in 3 years at a certain annual interest rate. What will be the simple interest on this amount at same rate of 5⅖ years.	एक ऋण चक्रवृद्धि ब्याज पर शदया गया। वह 1 वर्षमें₹3750 और 3 वर्ों में₹4374 हो जाता है। उसी वाशर्षक ब्याज दर पर 5⅖ वर्ों का साधारण ब्याज शकतना होगा?	"(a) 1600
(b) 1480(c) 1500(d) 1520"141	The simple interest on a sum for 3 years at an interest rate of 6% p.a is ₹4950. What will be the compound interest rounded off on the same sum at the same rate for the same period compounded annually is closest to ?	शकसी राशश पर 6% वाशर्षक दर से3 वर्ों का साधारण ब्याज ₹4950 है। उसी राशश पर समान दर और समान अवशध के शलए, यशद ब्याज प्रशतवर्षचक्रवृद्धि हो, तो चक्रवृद्धि ब्याज लगभग शकतना होगा?	"(a) 5183
(b) 5253(c) 5360(d) 5160"142	A man invested a total of ₹14,460 in two parts, one at 10% p.a. simple interest for 2 years and the other at the same rate at compound interest, interest being compounded annually, for the same time. The amounts he received from both the parts are equal. The sum (in ₹) invested at the compound interest is	?एक व्यद्धि नेकु ल ₹14,460 को दो भागो ंमेंशनवेश शकया। एक भाग 10% वाशर्षक साधारण ब्याज पर 2 वर्ों के शलए और दूसरा भाग उसी दर पर 2 वर्ों के शलए वाशर्षक चक्रवृद्धि ब्याज पर शनवेश शकया। दोनो ंभागो ंसेप्राप्त कु ल राशशयााँसमान हैं। चक्रवृद्धि ब्याज पर शनवेशशत राशश (₹ में) क्या है?	"(a) 7000
(b) 6800(c) 7200(d) 5800"143	A man wants to invest Rs. 40,440 in bank account of his two sons whose age were 12 years and 16 years in such a way that they will get equal amount at age of 20 years at 33⅓% per annum compounded annually. Find the share of younger son ?	एक व्यद्धि ₹40,440 को अपनेदो पुत्ो ंके बैंक खातो ंमेंशनवेश करना चाहता है, शजनकी आयु12 वर्षऔर 16 वर्षहै, इस प्रकार शक दोनो ंको 20 वर्षकी आयुपर समान राशश प्राप्त हो। ब्याज दर 33⅓% वाशर्षक हैऔर वाशर्षक चक्रवृद्धि होती है। छोटेपुत् का शहस्सा ज्ञात कीशजए।	"(a) ₹8,720
(b) ₹9,720(c) ₹10,110(d) ₹9,270"144	A borrowed a sum of ₹160000 from B at 10% per annum simple interest. At the same time he lent the same sum to C at the same rate on compound interest, compounded semi-annually for 2 years. Find the amount (in ₹) earned by A in the whole transaction.	A नेB से₹160000, 10% वाशर्षक साधारण ब्याज पर उधार शलए। उसी समय उसनेवही राशश C को उसी दर पर 2 वर्ों के शलए अधषवाशर्षक चक्रवृद्धि ब्याज पर उधार दी। पूरेलेन-देन में A नेशकतना (₹ में) कमाया?	"(a) 4281
(b) 4280(c) 2481(d) 2840"145	A sum of Rs. 4200 amount to Rs. 5628 in 5⅔ years at x% p.a. simple interest. What will the same sum amount to if invested at (x + 4)% p.a. for 2½ years, interest compounded yearly (nearest to Rs.) ?	₹4200 की राशश x% वाशर्षक साधारण ब्याज पर 5⅔ वर्ों में ₹5628 हो जाती है। यशद वही राशश (x+4)% वाशर्षक दर पर 2½ वर्ों के शलए शनवेश की जाए और ब्याज प्रशतवर्षचक्रवृद्धि हो, तो कु ल राशश शकतनी होगी? (शनकटतम रुपयेतक)	"(a) ₹5200
(b) ₹5336(c) ₹5566(d) ₹5380"146	Rs. x is invested at 10% simple interest and Rs. 3x at 5% compound interest per annum for 2 years. If the difference between the CI and SI is ₹430, what is the value of x ?	₹x को 10% साधारण ब्याज पर और ₹3x को 5% वाशर्षक चक्रवृद्धि ब्याज पर 2 वर्ों के शलए शनवेश शकया गया। यशद चक्रवृद्धि ब्याज और साधारण ब्याज के बीच का अंतर ₹430 है, तो x का मान क्या है?	"(a) ₹3000
(b) ₹4000(c) ₹5000(d) ₹6000"147	A Sum of ₹3500 is invested in 18 months at 12% per annum compounded half yearly. What is the percent gain, correct to one decimal place at the end of 18 months ?	₹3500 की राशश 18 महीनो ंके शलए 12% वाशर्षक दर पर, अधषवाशर्षक चक्रवृद्धि ब्याज के साथ शनवेश की जाती है। 18 महीनो ंके अंत मेंप्रशतशत लाभ, एक दशमलव स्थान तक सही, शकतना होगा?	"(a) 18.5%
(b) 19.6%(c) 19.1%(d) 19.5%"148	A Sum of ₹2400 is invested in 15 months at 10% per annum compounded half yearly. What is the percent gain, correct to one decimal place at the end of 15 months ?	₹2400 की राशश 15 महीनो ंके शलए 10% वाशर्षक दर पर, अधषवाशर्षक चक्रवृद्धि ब्याज के साथ शनवेश की जाती है। 15 महीनो ंके अंत मेंप्रशतशत लाभ, एक दशमलव स्थान तक सही, शकतना होगा?	"(a) 12.5%
(b) 13.6%(c) 13.0%(d) 13.4%"149	The Difference between Si and Ci for three years is 250 on the sum of 5120. Find the Rate%.	₹5120 की राशश पर 3 वर्ों के शलए साधारण ब्याज और चक्रवृद्धि ब्याज का अंतर ₹250 है। ब्याज दर प्रशतशत ज्ञात कीशजए।	"(a) 10%
(b) 12.5%(c) 13.33%(d) 15%"150	The Difference between Si and Ci for three years is 567 on the sum of Rs 8000. Find the Rate %.	₹8000 की राशश पर 3 वर्ों के शलए साधारण ब्याज और चक्रवृद्धि ब्याज का अंतर ₹567 है। ब्याज दर प्रशतशत ज्ञात कीशजए।	"(a) 10%
(b) 12.5%(c) 18%(d) 15%"151	Compound interest on a certain sum at a certain rate of interest for 3 years is 4167 and for 2 years is 2580. Find the rate of interest per annum ?	शकसी राशश पर शकसी शनशित ब्याज दर से3 वर्ों का चक्रवृद्धि ब्याज ₹4167 हैऔर 2 वर्ों का चक्रवृद्धि ब्याज ₹2580 है। वाशर्षक ब्याज दर ज्ञात कीशजए।	"(a) 12.5%
(b) 15%(c) 25%(d) 37.5%"152	Compound interest on a certain sum at a certain rate of interest for 3 years is 260 and for 2 years is 80. Find the rate of interest per annum ?	शकसी राशश पर शकसी शनशित ब्याज दर से3 वर्ों का चक्रवृद्धि ब्याज ₹260 हैऔर 2 वर्ों का चक्रवृद्धि ब्याज ₹80 है। वाशर्षक ब्याज दर ज्ञात कीशजए।	"(a) 150%
(b) 109%(c) 175%(d) 200%"153	Rajnish borrowed ₹1,500 from a bank and repaid the entire amount with interest in two equal annual installments, the first installment being paid a year after Rajnish borrowed from the bank. If the rate of interest was 40% per annum, compounded annually, then what was the value (in ₹) of each installment paid by Rajnish ?	रजनीश नेबैंक से₹1500 उधार शलए और पूरेऋण को ब्याज सशहत दो समान वाशर्षक शकश्ो ंमेंचुकाया। पहली शकश्, ऋण लेनेके एक वर्षबाद दी गई। यशद ब्याज दर 40% वाशर्षक और वाशर्षक चक्रवृद्धि थी, तो रजनीश द्वारा चुकाई गई प्रत्येक शकश् (₹ में) शकतनी थी?	"(a) 1125
(b) 1470(c) 1225(d) 1350"154	A sum of ₹6,000 is to be paid back in two equal annual installments; each installment is to be paid at the end of every year. How much is each installment. If the interest is compounded annually at 2% p.a.? (Rounded off up to two decimal places)	₹6000 की राशश दो समान वाशर्षक शकश्ो ंमेंलौटानी है, प्रत्येक शकश् वर्षके अंत मेंदेनी है। यशद ब्याज 2% वाशर्षक हैऔर वाशर्षक चक्रवृद्धि होता है, तो प्रत्येक शकश् शकतनी होगी? (दो दशमलव स्थान तक सही)	"(a) Rs.2,092.29
(b) Rs.3,090.30(c) Rs.2,291.29(d) Rs.3,589.30"155	A mobile phone is available for Rs. 79,860 by cash payment or by paying cash of Rs. 60,000 as down payment and the remaining amount in three equal annual instalments. If the shopkeeper charges interest at the rate of 10% per annum compounded annually, then the amount of each instalment (in Rs) will be ?	एक मोबाइल फोन ₹79,860 नकद भुगतान पर उपलब्ध है, या ₹60,000 डाउन पेमेंट देकर और शेर् राशश को तीन समान वाशर्षक शकश्ो ंमेंचुकाकर खरीदा जा सकता है। यशद दुकानदार 10% वाशर्षक दर सेवाशर्षक चक्रवृद्धि ब्याज लेता है, तो प्रत्येक शकश् (₹ में) शकतनी होगी?	"(a) 6,689
(b) 6,789(c) 7,986(d) 6,000"156	A loan of ₹2,550 is to be paid back in two equal half yearly installments. How much is each installment. if the interest is compounded half-yearly at 8% p.a.?	₹2550 का ऋण दो समान अधषवाशर्षक शकश्ो ंमेंचुकाना है। यशद ब्याज 8% वाशर्षक हैऔर अधषवाशर्षक चक्रवृद्धि होता है, तो प्रत्येक शकश् शकतनी होगी?	"(a) ₹1,258
(b) ₹1,352(c) ₹1,745(d) ₹1,457"157	A loan has to be returned in two equal yearly installments each of ₹44,100. If the rate of interest is 5% p.a., compounded annually, then the total interest paid is ?	एक ऋण को ₹44,100 की दो समान वाशर्षक शकश्ो ंमेंलौटाना है। यशद ब्याज दर 5% वाशर्षक हैऔर वाशर्षक चक्रवृद्धि होती है, तो कु ल चुकाया गया ब्याज शकतना होगा?	"(a) ₹5840
(b) ₹6000(c) ₹6200(d) ₹6280"158	A certain loan was returned in two equal half yearly installments each of ₹6,760. If the rate of interest was 8% p.a., compounded yearly, how much was the interest paid on the loan ?	एक शनशित ऋण ₹6760 की दो समान अधषवाशर्षक शकश्ो ंमें लौटाया गया। यशद ब्याज दर 8% वाशर्षक थी और ब्याज वाशर्षक रूप सेचक्रवृद्धि होता था, तो उस ऋण पर कु ल शकतना ब्याज चुकाया गया?	"(a) ₹750
(b) ₹810(c) ₹790(d) ₹770"159	A computer is available for ₹76,800 cash or ₹23,840 cash down payment and three equal half-yearly instalments. If the interest charged is 20% p.a., compounded semi-annually, then the interest charged in the instalment scheme is ?	एक कं प्यूटर ₹76,800 नकद मेंउपलब्ध है, या ₹23,840 डाउन पेमेंट और उसके बाद तीन समान अधषवाशर्षक शकश्ो ंमेंखरीदा जा सकता है। यशद ब्याज 20% वाशर्षक हैऔर अधषवाशर्षक चक्रवृद्धि होता है, तो शकश् योजना मेंशलया गया कु ल ब्याज शकतना है?	"(a) ₹10,968
(b) ₹10,848(c) ₹10,928(d) None of these"