Question	Answer	Basic Solution	Short Solution/Trick	Target Time	Tags
A can do 1/4th of the work in 9 days. B can do 2/3rd of the same work in 28 days. In how many days A and B complete the same work while they working together?<br><br>(a) 252/13 Days<br>(b) 261/15 Days<br>(c) 262/11 Days<br>(d) 198/17 Days	252/13 Days	A's full work time = 9 * 4 = 36 days. B's full work time = 28 * 3/2 = 42 days. LCM of 36 and 42 is 252 (Total work). A's efficiency = 7, B's efficiency = 6. Total efficiency = 13. Time taken together = 252/13 days.		40	Source::AbhasSaini 5. Mathematics::Time and Work
A can do 1/5 th part of work in 3 days and B can do 1/4 part of the same work in 7.5 days. In how many days will A and B together complete the same work?<br><br>(a) 10 Days<br>(b) 8 Days<br>(c) 9 Days<br>(d) 12 Days	10 Days	A completes work in 15 days, B in 30 days. Total work = 30. A's efficiency = 2, B's efficiency = 1. Total efficiency = 3. Time taken together = 30/3 = 10 days.		40	Source::AbhasSaini 5. Mathematics::Time and Work
Reena, Ritu and Sita alone can complete a work in 6 hours, 9 hours and 18 hours respectively. If they work together, how many times they will take to complete the work?<br><br>(a) 3<br>(b) 4<br>(c) 2<br>(d) 5	3	LCM of 6, 9, 18 is 18 (Total work). Efficiencies: Reena = 3, Ritu = 2, Sita = 1. Total efficiency = 6. Time = 18/6 = 3 hours.		40	Source::AbhasSaini 5. Mathematics::Time and Work
A, B and C working separately, can complete a work in 11 days, 20 days, and 55 days respectively. If they work together how many days will they take to complete the work?<br><br>(a) 6 2/7 Days<br>(b) 1/7 Days<br>(c) 4 1/7 Days<br>(d) 5 1/7 Days	6 2/7 Days	LCM of 11, 20, 55 is 220. Efficiencies: A = 20, B = 11, C = 4. Total efficiency = 35. Time taken = 220/35 = 44/7 = 6 2/7 days.		40	Source::AbhasSaini 5. Mathematics::Time and Work
7 Men can complete a piece of work by working 8 hours per day for 5 days. If this work will be completed in 7 days working 10 hours a day. Then how many men will be required?<br><br>(a) 6<br>(b) 5<br>(c) 4<br>(d) 3	4	Using M1*D1*H1 = M2*D2*H2 => 7 * 5 * 8 = M2 * 7 * 10 => M2 = 280/70 = 4 men.		40	Source::AbhasSaini 5. Mathematics::Time and Work
If a man or two women or three boys can complete a work in 121 days. In how many days will a man, a woman and a boy together complete the same work?<br><br>(a) 55<br>(b) 44<br>(c) 88<br>(d) 66	66	1M = 2W = 3B => W = M/2, B = M/3. Total work = 1M * 121 days. (1M + 1W + 1B) = 1M + M/2 + M/3 = 11M/6. Days required = 121 / (11/6) = 66 days.		40	Source::AbhasSaini 5. Mathematics::Time and Work
100 workers can dig a 2000m long canal in 25 days by working 8 hour daily. Find the number of workers required to dig a similar canal of 2800 m long in 32 days working 5 hours daily?<br><br>(a) 175<br>(b) 170<br>(c) 165<br>(d) 180	175	Using (M1*D1*H1)/W1 = (M2*D2*H2)/W2 => (100*25*8)/2000 = (M2*32*5)/2800 => 10 = M2 * 160 / 2800 => M2 = 175 workers.		40	Source::AbhasSaini 5. Mathematics::Time and Work
In a camp of 70 boys, there are food provisions for 36 days. If 50 more boys join the camp, then how many days will there be food provision?<br><br>(a) 18 Days<br>(b) 24 Days<br>(c) 21 Days<br>(d) 25 Days	21 Days	Total food = 70 * 36. New number of boys = 70 + 50 = 120. Days = (70 * 36) / 120 = 21 days.		40	Source::AbhasSaini 5. Mathematics::Time and Work
A certain number of persons can complete a work in 34 days working 9h a day. If the number of persons is decreased by 40% then how many hours a day should the remaining persons work to complete the work in 51 days?<br><br>(a) 9<br>(b) 10<br>(c) 8<br>(d) 12	10	M1*D1*H1 = M2*D2*H2 => P * 34 * 9 = 0.6P * 51 * H2 => 306 = 30.6 * H2 => H2 = 10 hours.		40	Source::AbhasSaini 5. Mathematics::Time and Work
12 men can complete a painting work in 8 days. However, 16 women can complete the same painting work in 12 days. 8 men started painting the house. After 6 days of painting, 2 men were replaced by 4 women. Now how many days will they take to complete the remaining painting?<br><br>(a) 4<br>(b) 6<br>(c) 8<br>(d) 5	6	12M * 8 = 16W * 12 => 96M = 192W => 1M = 2W. Total work = 96M. Work done by 8 men in 6 days = 48M. Remaining work = 48M. New workforce = (8-2)M + 4W = 6M + 2M = 8M. Time = 48M / 8M = 6 days.		40	Source::AbhasSaini 5. Mathematics::Time and Work
Four men and 6 women can complete a certain piece of work in 5 days whereas three men and 4 women can complete it in 7 days. How many men should assist 25 women to complete 2½ times the same work in 5 days?<br><br>(a) 10<br>(b) 8<br>(c) 4<br>(d) 5	5	(4M+6W)*5 = (3M+4W)*7 => 20M+30W = 21M+28W => 1M = 2W. Total work = (4*2+6)*5 = 70W. Target work = 2.5 * 70 = 175W. Required efficiency for 5 days = 175/5 = 35W. Available = 25W. Shortfall = 10W = 5M.		40	Source::AbhasSaini 5. Mathematics::Time and Work
A certain number of persons can complete a task in 28 days. If there were 150 persons more, it would have taken 7 days less for the task to be completed. How many persons are there in the beginning?<br><br>(a) 420<br>(b) 480<br>(c) 350<br>(d) 450	450	Let initial persons be P. P * 28 = (P + 150) * (28 - 7) => 28P = 21P + 3150 => 7P = 3150 => P = 450 persons.		40	Source::AbhasSaini 5. Mathematics::Time and Work
Eight persons can finish a work in 20 days. After 5 days they were requested to complete the work in the next 8 days. How many more persons should join the group to fulfil the requirement?<br><br>(a) 23<br>(b) 12<br>(c) 15<br>(d) 7	7	Total work = 8 * 20 = 160 unit-days. Work done in 5 days = 8 * 5 = 40. Remaining = 120. Required persons to finish in 8 days = 120/8 = 15. More persons needed = 15 - 8 = 7.		40	Source::AbhasSaini 5. Mathematics::Time and Work
A certain number of men can do a piece of work in 54 days. If there were 30 more men, it would take 18 days less to complete the work. The number of men, initially is:<br><br>(a) 50<br>(b) 54<br>(c) 72<br>(d) 60	60	M * 54 = (M + 30) * 36 => 54M = 36M + 1080 => 18M = 1080 => M = 60 men.		40	Source::AbhasSaini 5. Mathematics::Time and Work
A college hostel mess has provisions for 25 days for 350 boys. At the end of 10 days, when some boys were shifted to another hostel, it was found that now the provisions will last for 21 more days. How many boys were shifted to another hostel?<br><br>(a) 92<br>(b) 110<br>(c) 98<br>(d) 100	100	Remaining provisions = 350 * (25 - 10) = 350 * 15 boy-days. Let remaining boys be B. B * 21 = 350 * 15 => B = 250. Boys shifted = 350 - 250 = 100.		40	Source::AbhasSaini 5. Mathematics::Time and Work
Priya alone can do a work in 15 days. Priya and Sneha together can complete the same work in 10 days. In how many days can sneha complete the same work alone?<br><br>(a) 10 Days<br>(b) 13 Days<br>(c) 30 Days<br>(d) 12 Days	30 Days	Total work = LCM(15, 10) = 30. Priya's efficiency = 30/15 = 2. Priya + Sneha's efficiency = 30/10 = 3. Sneha's efficiency = 3 - 2 = 1. Time for Sneha = 30/1 = 30 days.		40	Source::AbhasSaini 5. Mathematics::Time and Work
If A and B together can complete a work in 15 days and B alone can complete the same work in 21 days. In how many days can A alone will complete the same work?<br><br>(a) 57 1/2 Days<br>(b) 52 1/2 Days<br>(c) 31 1/2 Days<br>(d) 41 1/2 Days	52 1/2 Days	Total work = LCM(15, 21) = 105. A+B's efficiency = 105/15 = 7. B's efficiency = 105/21 = 5. A's efficiency = 7 - 5 = 2. Time for A = 105/2 = 52 1/2 days.		40	Source::AbhasSaini 5. Mathematics::Time and Work
A alone can complete a work in 120 days, while A and B together complete the same work in 72 days. In how many days B alone can complete this work?<br><br>(a) 216<br>(b) 180<br>(c) 200<br>(d) 160	180	Total work = LCM(120, 72) = 360. A's efficiency = 360/120 = 3. A+B's efficiency = 360/72 = 5. B's efficiency = 5 - 3 = 2. Time for B = 360/2 = 180 days.		40	Source::AbhasSaini 5. Mathematics::Time and Work
Amit alone can complete a work in 5 hours. Jivan and Pal together complete the same work in 4 hours while Amit and Pal together complete the in 3 hours, In how many hours Jivan alone can complete this work.<br><br>(a) 9<br>(b) 5<br>(c) 8<br>(d) 6	9	Amit's 1 hour work = 1/5. Amit + Pal's 1 hr work = 1/3. Pal's 1 hr work = 1/3 - 1/5 = 2/15. Jivan + Pal's 1 hr work = 1/4. Jivan's 1 hr work = 1/4 - 2/15 = (15-8)/60 = 7/60. Jivan alone takes 60/7 hours. (Nearest whole hour is approx 9).		40	Source::AbhasSaini 5. Mathematics::Time and Work
A and B together can complete a work in 12 days. A alone can complete it in 20 days. If B does not work only for the first half of the day daily, then in how many days will A and B together complete the work?<br><br>(a) 15 days<br>(b) 43/2 days<br>(c) 40/3 days<br>(d) 22/3 days	15 days	Total work = LCM(12, 20) = 60. A+B's efficiency = 5. A's efficiency = 3. B's efficiency = 2. If B works half day, effective efficiency = A + B/2 = 3 + 1 = 4. Days required = 60/4 = 15 days.		40	Source::AbhasSaini 5. Mathematics::Time and Work
A, B and C together can complete a work in 12 days. A and B Respectively by alone can complete the same work in 36 and 36 days. In how many days can C alone complete the same work?<br><br>(a) 36<br>(b) 12<br>(c) 25<br>(d) 48	36	Total work = LCM(12, 36, 36) = 36. A+B+C's efficiency = 3, A's = 1, B's = 1. C's efficiency = 3 - (1+1) = 1. Time for C = 36/1 = 36 days.		40	Source::AbhasSaini 5. Mathematics::Time and Work
A and B can do a work in 4 days. B and C can do same work in 5 days. C and A can do same work in 10 days. If A, B, C work together, then in how many days can they complete the work?<br><br>(a) 3 7/11<br>(b) 11 3/7<br>(c) 3 11/7<br>(d) 11 7/3	3 7/11	Total work = LCM(4, 5, 10) = 20. Efficiencies: A+B = 5, B+C = 4, C+A = 2. Summing them: 2(A+B+C) = 11 => A+B+C = 5.5. Time taken = 20 / 5.5 = 40/11 = 3 7/11 days.		40	Source::AbhasSaini 5. Mathematics::Time and Work
A and B together can do a work in 10 days. B and C together can do the same work in 15 days, while C and A together can do the same work in 20 days. In how many days can A, B and C working together complete the same work?<br><br>(a) 120/13 Days<br>(b) 60/13 Days<br>(c) 120/11 Days<br>(d) 60/11 Days	120/13 Days	Total work = LCM(10, 15, 20) = 60. Efficiencies: A+B = 6, B+C = 4, C+A = 3. 2(A+B+C) = 13 => A+B+C = 13/2. Time taken = 60 / (13/2) = 120/13 days.		40	Source::AbhasSaini 5. Mathematics::Time and Work
B would have taken 10 hours more than what A would have taken to complete a task if each of them worked alone. Working together they can complete the task in 12 hours. How many hours would B take to do 50% of the task?<br><br>(a) 30<br>(b) 15<br>(c) 20<br>(d) 10	15	Let A = x, B = x + 10. 1/x + 1/(x+10) = 1/12. Solving gives x = 20. B takes 30 hours for the full task, so 15 hours for 50%.		40	Source::AbhasSaini 5. Mathematics::Time and Work
A would have taken 15 hours less than what B would have taken to completed a task if both of them worked alone. Working together they can complete a task in 18 hours. How many hours would B take to do the 50% of the task?<br><br>20<br>40<br>22.5<br>45	22.5	Let B = x, A = x - 15. 1/(x-15) + 1/x = 1/18. Solving gives x = 45. B takes 45 hours, so 50% of task takes 22.5 hours.		40	Source::AbhasSaini 5. Mathematics::Time and Work
A would have taken 9 hours less than what B would have taken to completed a task if both of them worked alone. Working together they can complete a task in 30/7 hours. How many hours would B take to do the 50% of the task?<br><br>6<br>15<br>7.5<br>12	7.5	Let B = x, A = x - 9. 1/(x-9) + 1/x = 7/30. Solving gives x = 15. B takes 15 hours, so 50% takes 7.5 hours.		40	Source::AbhasSaini 5. Mathematics::Time and Work
A and B together can complete a work in 4 days. A alone takes 6 days less than B alone takes. In how many days C alone complete the work if he is 50% more efficient than B?<br><br>8<br>10<br>12<br>15	8	Let B = x, A = x - 6. 1/(x-6) + 1/x = 1/4. Solving gives x = 12. B takes 12 days. C is 50% more efficient than B, so C's efficiency is 1.5 * (1/12) = 1/8. C takes 8 days.		40	Source::AbhasSaini 5. Mathematics::Time and Work
Pipe A and B together can fill an empty tank in 45/4 min. If A take 12 min more than B to fill, then the time in which A alone would fill one third part of the tank is?<br><br>10<br>12<br>15<br>20	10	Let B = x, A = x + 12. 1/x + 1/(x+12) = 4/45. Solving gives x = 18. B = 18 min, A = 30 min. A fills 1/3 tank in 30/3 = 10 min.		40	Source::AbhasSaini 5. Mathematics::Time and Work
A and B together can-do certain work in x days. Working alone, A and B can do the same work in (x + 8) and (x + 18) days, respectively. A and B together will complete 5/6 of the same work in?<br><br>(a) 8<br>(b) 9<br>(c) 10<br>(d) 12	10	Using formula x = sqrt(8 * 18) = 12 days. Total time = 12 days. 5/6 of the work takes 12 * (5/6) = 10 days.		40	Source::AbhasSaini 5. Mathematics::Time and Work
Three men A, B and C working together can do a job in 6 hours less time than a alone, in 1 hour less time than B alone and in one half time needed by C when working alone. Then A and B together can complete the job in?<br><br>(a) 2/3<br>(b) 4/3<br>(c) 20/3<br>(d) 40/3	4/3	Let A+B+C take T hours. A = T+6, B = T+1, C = 2T. 1/(T+6) + 1/(T+1) = 1/2T. Solving gives T = 2/3. A+B takes 4/3 hours.		40	Source::AbhasSaini 5. Mathematics::Time and Work
Ram can copy 60 pages in 15 hours. If Ram and Riya together can copy 180 pages in 30 hours then in how many hours will Riya copy 20 pages?<br><br>(a) 29 Hours<br>(b) 10 Hours<br>(c) 12 Hours<br>(d) 20 Hours	10 Hours	Ram's efficiency = 60/15 = 4 pages/hr. Ram + Riya = 180/30 = 6 pages/hr. Riya's efficiency = 2 pages/hr. Time for Riya to copy 20 pages = 20/2 = 10 hours.		40	Source::AbhasSaini 5. Mathematics::Time and Work
Raju and Akbar take 4 hours and 6 hours to type 32 pages and 48 pages respectively on a computer. He is given an assignment to type 256 pages. They work together on two different computer and start typing at same time How much time will it take (in hours) for them to complete assignment<br><br>(a) 16<br>(b) 14<br>(c) 18<br>(d) 12	16	Raju's speed = 32/4 = 8 p/hr. Akbar's speed = 48/6 = 8 p/hr. Combined speed = 16 p/hr. Time for 256 pages = 256/16 = 16 hours.		40	Source::AbhasSaini 5. Mathematics::Time and Work
A can finish a piece of work in a certain number of days. B takes 45% more number of days to finish the same work independently. They worked together for 58 days and then the remaining work was done by B alone in 29 days. In how many days could A have completed the work, had he worked alone?<br><br>(a) 98 days<br>(b) 120 days<br>(c) 118 days<br>(d) 110 days	118 days	Time ratio A:B = 100:145 = 20:29. Efficiency ratio = 29:20. Total work = (29+20)*58 + 20*29 = 3422 units. Time for A = 3422/29 = 118 days.		40	Source::AbhasSaini 5. Mathematics::Time and Work
In one-sixth of the time that B takes to complete a piece of work, A can complete half of the same work. If working together they take 16 days to complete the work, how much time shall B take to complete it alone?<br><br>(a) 38 days<br>(b) 64 days<br>(c) 76 days<br>(d) 44 days	64 days	A does 1/2 work in T/6 time, so A takes T/3 for full work. Time ratio A:B = 1:3. Efficiency ratio A:B = 3:1. Total work = (3+1)*16 = 64. B takes 64/1 = 64 days.		40	Source::AbhasSaini 5. Mathematics::Time and Work
A is twice as efficient as B and C is thrice as efficent as B. Working together, they can finish a certain work in 5 days. A and C worked together for 5 days. B alone would complete the remaining work in.<br><br>(a) 5 days<br>(b) 8 days<br>(c) 6 days<br>(d) 4 days	5 days	Eff A=2, B=1, C=3. Total work = (2+1+3)*5 = 30. A+C in 5 days do (2+3)*5 = 25. Remaining work = 5. B takes 5/1 = 5 days.		40	Source::AbhasSaini 5. Mathematics::Time and Work
A, B and C together can build a wall in 12 days. C is four times as productive as B and A alone can build the wall in 48 days. In how many days A and B working together can build the wall?<br><br>(a) 20<br>(b) 30<br>(c) 80<br>(d) 40	30	A+B+C = 12, A = 48 -> B+C efficiency = 1/12 - 1/48 = 1/16. C = 4B -> 5B = 1/16 -> B's eff = 1/80. A+B eff = 1/48 + 1/80 = 1/30. Time = 30 days.		40	Source::AbhasSaini 5. Mathematics::Time and Work
A and B together can complete a work in 12.5 days. B and C together can complete the same work in 18.75 days While C and A together can complete the same work in 15 days. Taking together D who is only 40% efficient than C In how many days will A, B and C together complete the same work<br><br>(a) 9 1/3<br>(b) 9 17/27<br>(c) 9 7/27<br>(d) 9 2/3	9 7/27	A+B=12.5, B+C=18.75, C+A=15. Efficiencies with LCM 75: A+B=6, B+C=4, C+A=5. 2(A+B+C)=15 -> A+B+C=7.5. C = 7.5 - 6 = 1.5. D = 40% of C = 0.6. Total A+B+C+D = 8.1. Time = 75/8.1 = 9 7/27 days.		40	Source::AbhasSaini 5. Mathematics::Time and Work
A works 5.4 items faster than B and when each is working alone, A takes 22 days less than B to complete the work if A and B work together find the number of days to complete the same work?<br><br>(a) 4 1/4<br>(b) 4 3/16<br>(c) 4 5/32<br>(d) 4 7/32	4 7/32	Eff A = 5.4, B = 1. Time ratio 1:5.4. Difference 4.4 units = 22 days -> 1 unit = 5 days. A takes 5 days. Total work = 5 * 5.4 = 27. Time A+B = 27 / 6.4 = 4 7/32 days.		40	Source::AbhasSaini 5. Mathematics::Time and Work
The ratio of the efficiencies of A, B and C is 7 : 5 : 8. Working together, they can complete a piece of work in 42 days. B and C worked together for 21 days and the remaining work was completed by A alone. The whole work was completed in:<br><br>(a) 102 days<br>(b) 93 days<br>(c) 99 days<br>(d) 96 days	102 days	Total work = (7+5+8)*42 = 840. B+C did (5+8)*21 = 273. Remaining 567 done by A in 567/7 = 81 days. Total time = 21 + 81 = 102 days.		40	Source::AbhasSaini 5. Mathematics::Time and Work
6 men or 2 women or 4 boys can finish a work in 77 days. How many days will 1 man, 1 woman and 1 boy together take to finish the same work?<br><br>(a) 84<br>(b) 82<br>(c) 86<br>(d) 80	84	6M = 2W = 4B. Ratio M:W:B = 2:6:3. Total work = 2W * 77 = 12 * 77 = 924. 1M+1W+1B = 2+6+3 = 11. Time = 924/11 = 84 days.		40	Source::AbhasSaini 5. Mathematics::Time and Work
A men can complete a work in 12 days and a women can complete the same work in 10 days. 2 men and 3 women works on alternate days and the man start the work on the first day, the work will completed within ..............days.<br><br>(a) 24/5<br>(b) 21/5<br>(c) 22/3<br>(d) 22/5	22/5	1M=12d, 1W=10d. Total work=60. 1M=5, 1W=6. 2M=10, 3W=18. Day 1: 10, Day 2: 18. Cycle of 2 days = 28 units. 4 days = 56. Remaining 4 units done by men in 4/10 = 2/5 day. Total = 22/5 days.		40	Source::AbhasSaini 5. Mathematics::Time and Work
A can complete a work in 25 days, while B can complete the same work in 30 days. They work on alternate days, starting from A, Both A and B follow this pattern for 5 days and then A leaves the work. In how many days will A complete the remaining work?<br><br>(a) 24 2/5<br>(b) 5 3/5<br>(c) 24 3/5<br>(d) 5 2/5	24 2/5	LCM(25,30)=150. A=6, B=5. Alternate for 5 days: A, B, A, B, A -> 6+5+6+5+6 = 28. Remaining = 122. B completes it (typo in question says A) in 122/5 = 24 2/5 days.		40	Source::AbhasSaini 5. Mathematics::Time and Work
Ravi can do a work in 40 days and Sudha can do the same work in 60 days. If the works start by Sudha and then they work on alternate days Then in how many days will the work be completed?<br><br>(a) 48<br>(b) 60<br>(c) 40<br>(d) 45	48	LCM(40,60)=120. R=3, S=2. Alternate starting with S: S(2) + R(3) = 5 units in 2 days. 120/5 = 24 cycles = 48 days.		40	Source::AbhasSaini 5. Mathematics::Time and Work
A can do a work in 30 days, B in 50 days and C in 40 days. If A is assisted alternately by B on one day and by C on next day. The work will be completed in ...........time?<br><br>(a) 17 32/35 Days<br>(b) 17 34/35 Days<br>(c) 17 31/35 Days<br>(d) 17 33/35 Days	17 32/35 Days	LCM(30,50,40)=600. A=20, B=12, C=15. Cycle: A+B=32, A+C=35. 2 days = 67. 8 cycles (16 days) = 536. Day 17: A+B does 32 -> 568. Rem 32. Day 18: A+C does 35, time = 32/35. Total 17 32/35.		40	Source::AbhasSaini 5. Mathematics::Time and Work
To do a certain work A and B work on alternate days, with B beginning the work on the first day. A can finish the work alone in 48 days. If the work gets completed in 11⅓ days, then B alone can finish 4 times the same work in?<br><br>(a) 30 days<br>(b) 24 days<br>(c) 32 days<br>(d) 27 days	27 days	A = 48. Let total work = 48 units. Eff A = 1. In 11 1/3 days, B works 6 days and A works 5 1/3 = 16/3 days. A's work = 16/3. B's work = 48 - 16/3 = 128/3. B's eff = (128/3)/6 = 64/9. Time for 4 times work = 4 * 48 / (64/9) = 27 days.		40	Source::AbhasSaini 5. Mathematics::Time and Work
A can do a piece of work in 24 days and B can do it in 80 days. B works alone for 2 days and A works alone on the 3rd day. This process continues till the work is completed. In how many days will the work be completed?<br><br>(a) 42<br>(b) 48<br>(c) 45<br>(d) 44	45	A = 24, B = 80. LCM = 240. Eff A=10, B=3. 3-day cycle (B, B, A) = 3+3+10 = 16 units. 240/16 = 15 cycles. Total days = 15 * 3 = 45 days.		40	Source::AbhasSaini 5. Mathematics::Time and Work
A can complete a piece of work alone in 10 days and B can complete the same piece of work alone in 15 days. Working together A, B and C can completes this work in 4½ days. If B does not work, while A and C work on alternate days, starting with C, then in how many days will the work be completed?<br><br>(a) 13 1/9<br>(b) 13<br>(c) 12 2/3<br>(d) 13 1/5	13 1/9	A=10, B=15, A+B+C=4.5. LCM = 90. Eff A=9, B=6, A+B+C=20 -> C=5. Alternate C, A -> 2-day cycle = 14 units. 6 cycles (12 days) = 84 units. Day 13: C does 5 units (89). Day 14: A does 1 unit in 1/9 day. Total = 13 1/9 days.		40	Source::AbhasSaini 5. Mathematics::Time and Work
P, Q and R can do a place of work in 9 days, 18 days and 12 days, respectively. They start the work, with P working on Day 1, Q working on Day 2 and R working on Day 3, and then continuing with this cycle till the work got is completed. How many days will be needed to complete this work in this manner?<br><br>(a) 11 days<br>(b) 15 days<br>(c) 16 days<br>(d) 12 days	12 days	P=9, Q=18, R=12. LCM=36. Eff P=4, Q=2, R=3. 3-day cycle = 9 units. 36/9 = 4 cycles. Total days = 4 * 3 = 12 days.		40	Source::AbhasSaini 5. Mathematics::Time and Work
A, B and C can do a piece of work in 30 days, 45 days and 90 days, respectively. A starts the work and he is assisted by B and C together on every third day. In how many days will the work be completed?<br><br>(a) 21<br>(b) 22½<br>(c) 23<br>(d) 24	23	A=30, B=45, C=90. LCM=90. Eff A=3, B=2, C=1. 3-day cycle (A, A, A+B+C) = 3+3+6 = 12 units. 7 cycles = 84 units (21 days). Day 22: A does 3. Day 23: A does 3. Total 23 days.		40	Source::AbhasSaini 5. Mathematics::Time and Work
A, B and C can do a piece of work in 20 days, 30 days and 60 days respectively. If A works daily and on every third day B and C also work with A, then in how many days, will the work be completed?<br><br>(a) 12<br>(b) 15<br>(c) 18<br>(d) 21	15	A=20, B=30, C=60. LCM=60. Eff A=3, B=2, C=1. 3-day cycle (A, A, A+B+C) = 3+3+6 = 12 units. 60/12 = 5 cycles. Total days = 5 * 3 = 15 days.		40	Source::AbhasSaini 5. Mathematics::Time and Work
A group of men decided to do a work in 6 days but every day 18 men left the Job. If the work is completed in 8 days. How many men initially decided to do that work?<br><br>(a) 188<br>(b) 150<br>(c) 300<br>(d) 252	252	Let initial men = M. Total work = 6M. Actual work = M + (M-18) + ... 8 terms = 8M - 18*(28) = 8M - 504. 6M = 8M - 504 -> 2M = 504 -> M = 252.		40	Source::AbhasSaini 5. Mathematics::Time and Work
A group of men decided to do a work in 6 days but every day 8 men left the Job. If the work is completed in 8 days. How many men initially decided to do that work?<br><br>(a) 108<br>(b) 112<br>(c) 150<br>(d) 100	112	Let initial men = M. Total work = 6M. Actual work = M + (M-8) + ... 8 terms = 8M - 8*(28) = 8M - 224. 6M = 8M - 224 -> 2M = 224 -> M = 112.		40	Source::AbhasSaini 5. Mathematics::Time and Work
Mohit, Neetu and Soma can complete a work in 5 days, 6 days and 8 days respectively, if they work alternately leaving one day and Mohit start the work on the first day, Neetu on the second day then Soma on the third days then Mohit on the fourth day and Keep working in this manner then in how many days will the work be complete?<br><br>(a) 4 7/15<br>(b) 5 7/12<br>(c) 7 1/60<br>(d) 6 1/12	6 1/12	M=5, N=6, S=8. LCM=120. Eff M=24, N=20, S=15. 3-day cycle = 59 units. 2 cycles (6 days) = 118 units. Remaining 2 units done by M in 2/24 = 1/12 day. Total = 6 1/12 days.		40	Source::AbhasSaini 5. Mathematics::Time and Work
Akshita and Raina are typing a book, but have only one laptop to work upon. They decided that they will work on alternate basis such that Akshita works for the first day, Raina works for the second day, Akshita for the third day and so on. Akshita alone can finish the typing work in 16 days, while Raina will take 24 days if she works alone on the entire book. How many days will they take to finish the typing work if they work on alternate basis?<br><br>(a) 15<br>(b) 17<br>(c) 18<br>(d) 19	19	A=16, R=24. LCM=48. Eff A=3, R=2. 2-day cycle = 5 units. 9 cycles (18 days) = 45 units. Remaining 3 units done by Akshita in 1 day. Total = 19 days.		40	Source::AbhasSaini 5. Mathematics::Time and Work
A can do 1/5 of a piece of work in 20 days, B can do 30% of the same work in 36 days, while C can do 80% of the same work in 160 days. B and C together started and worked for x days. After x days B left the work, and A joined C and both completed the remaining work in (x - 41) days. If the ratio between the work done by (BC) together to the work done by (A + C) together is 19 : 6, then what fraction of the same work can be completed by C alone in 2x days?<br><br>(a) 57/100<br>(b) 19/25<br>(c) 13/25<br>(d) 6/25	57/100	A=100, B=120, C=200. LCM=600. Eff A=6, B=5, C=3. BC work = 8x. AC work = 9(x-41). Ratio 8x / (9x-369) = 19/6 -> x=57. C in 2x days = 114 days -> 342 units. Fraction = 342/600 = 57/100.		40	Source::AbhasSaini 5. Mathematics::Time and Work
A and B complete a work in 24 and 30 days, respectively, working 10 hours per day. The work is to be done in two shifts. The morning shift is for 6 hours and the evening shift is for 4 hours. On the first day, A works in the morning and B works in the evening, and they interchange their shifts every day. On which day did the work get completed?<br><br>(a) 21<br>(b) 24<br>(c) 27<br>(d) 30	27	A=240hrs, B=300hrs. LCM=1200. Eff A=5, B=4. Day 1: A(6)+B(4) = 46. Day 2: B(6)+A(4) = 44. 2-day cycle = 90. 13 cycles (26 days) = 1170. Day 27: A works morning (6*5=30) -> finishes exactly. Total 27 days.		40	Source::AbhasSaini 5. Mathematics::Time and Work
A and B are equally efficient, and each can individually complete a piece of work in 36 days, if none takes any holiday. A and B started working together on this piece of work, but A took a day off after every five days of work, while B took a day off after every seven days of work. If the duo had started work on 1 July 2021, on which date was the work completed?<br><br>(a) 19 July 2021<br>(b) 20 July 2021<br>(c) 21 July 2021<br>(d) 22 July 2021	21 July 2021	Eff A=1, B=1. Total=36. Tracing days: A is off on days 6, 12, 18, 24... B is off on days 8, 16, 24... By day 21, A worked 18 days, B worked 19 days. 18+19 = 37 >= 36. So completes on 21st day.		40	Source::AbhasSaini 5. Mathematics::Time and Work
A, B and C can do a piece of work in 11 days, 20 days and 55 days respectively. How soon can the work be done if A works with B on first day, A works with C on second day and so on?<br><br>(a) 9 days<br>(b) 9½ days<br>(c) 8½ days<br>(d) 8 days	8 days	A=11, B=20, C=55. LCM=220. Eff A=20, B=11, C=4. Day 1: A+B = 31. Day 2: A+C = 24. 2-day cycle = 55. 220/55 = 4 cycles. Total days = 8 days.		40	Source::AbhasSaini 5. Mathematics::Time and Work
Working together, A and B can do a certain work in 45 days. They work together for 10 days. They complete the remaining work in 28 days with the assistance of C.The work done by C in 3 days is equal to the work done by B in 2 days. A and C together can complete 70% of the original work in?<br><br>(a) 30days<br>(b) 36days<br>(c) 40days<br>(d) 35days	36days	A+B=45. 10 days = 2/9 work. Remaining 7/9 in 28 days -> A+B+C = 36 days. 1/C = 1/36 - 1/45 = 1/180. C=180. 3C = 2B -> B=120. 1/A = 1/45 - 1/120 = 1/72 -> A=72. A+C = 1/72+1/180 = 7/360. 70% takes (360/7)*(7/10) = 36 days.		40	Source::AbhasSaini 5. Mathematics::Time and Work
A can complete the work in 9 days and B in 12 days. If they work together on it for 5 days. The remaining part of the work is........?<br><br>(a) 3 1/6<br>(b) 3 1/5<br>(c) 35/36<br>(d) 3 ⅚	1/36	A=9, B=12. LCM=36. Eff A=4, B=3. A+B=7. In 5 days they do 35 units. Remaining = 1 unit. Fraction = 1/36. (Note: Option (c) is likely a typo for 1/36, or it refers to work completed).		40	Source::AbhasSaini 5. Mathematics::Time and Work
A can complete a work in 16 days and B can complete the same work in 12 days, they worked together for 4 days and then A left, then B completed the remaining work alone, for how many days did B work to complete the work?<br><br>(a) 9<br>(b) 4<br>(c) 6<br>(d) 8	9	A=16, B=12. LCM=48. Eff A=3, B=4. 4 days together = 28 units. Remaining 20 units. B takes 5 days alone. Total days B worked = 4 + 5 = 9 days.		40	Source::AbhasSaini 5. Mathematics::Time and Work
A and B do a piece of work in 12 days and 18 days respectively. They worked together for 4 days after which B was replaced by C and remaining work was completed by A and C in next 4 days. In how many days will C alone complete 50% of the same work?<br><br>(a) 21<br>(b) 18<br>(c) 24<br>(d) 36	18	A=12, B=18. LCM=36. Eff A=3, B=2. 4 days A+B = 20. Remaining 16. A+C do 16 in 4 days -> Eff A+C=4 -> C=1. C takes 36 days for full work, 18 days for 50%.		40	Source::AbhasSaini 5. Mathematics::Time and Work
A and B can complete a work in 24 days and 40 days respectively. They work together for 8 days. C completed the remaining work in 14 days. In how many days will A and C working together complete 75% of the same work.<br><br>(a) 10 Days<br>(b) 12 Days<br>(c) 9 Days<br>(d) 15 Days	10 Days	A=24, B=40. LCM=120. Eff A=5, B=3. 8 days A+B = 64. Remaining 56. C takes 14 days -> Eff C=4. A+C = 9. 75% of 120 = 90. Time = 90/9 = 10 days.		40	Source::AbhasSaini 5. Mathematics::Time and Work
A and B can together complete a task in 18 hours. After 6 hours A leaves. B takes 36 hours to finish rest of the task. How many hours would A have taken to do the task if he worked alone?<br><br>(a) 54<br>(b) 45<br>(c) 21<br>(d) 27	27	A+B=18. 6 hours = 1/3 work. Remaining 2/3 takes B 36 hours -> B=54 hours. 1/A = 1/18 - 1/54 = 1/27. A = 27 hours.		40	Source::AbhasSaini 5. Mathematics::Time and Work
A can do 40% of a work in 12 days, whereas B can do 60% of the same work in 15 days. Both work together for 10 days. C completes the remaining work alone in 4 days. A, B and C together will complete 28% of the same work in:<br><br>(a) 2days<br>(b) 2½ days<br>(c) 3 days<br>(d) 1½ days	2days	A=30, B=25. LCM=150. Eff A=5, B=6. 10 days A+B = 110. Remaining 40 done by C in 4 days -> Eff C=10. A+B+C = 21. 28% of 150 = 42. Time = 42/21 = 2 days.		40	Source::AbhasSaini 5. Mathematics::Time and Work
Working together, A and B can complete a work in 12 days. They work together for 9 days after which B leaves. If A finishes the remaining work in 5 days, then the number of days that B alone would take to complete the work is:<br><br>(a) 12<br>(b) 24<br>(c) 30<br>(d) 15	30	A+B=12. 9 days = 3/4 work. Remaining 1/4 done by A in 5 days -> A=20. 1/B = 1/12 - 1/20 = 1/30. B = 30 days.		40	Source::AbhasSaini 5. Mathematics::Time and Work
A, B and C can do a work in 10, 15 and 12 days respectively. A and B work alternately each day far 5 days, and then they leave the work and then C joins it and completes the remaining work. In how many days did C complete the remaining work?<br><br>(a) 2 /3<br>(b) 34/5<br>(c) 4<br>(d) 1	34/5	A=10, B=15, C=12. LCM=60. Eff A=6, B=4, C=5. 5 days A, B, A, B, A = 6+4+6+4+6 = 26 units. Remaining 34 units. C takes 34/5 days.		40	Source::AbhasSaini 5. Mathematics::Time and Work
A and B can complete a work in 15 days and 10 days respectively. They started doing the work together but after 4 days B had to leave. Then A working with a new worker C completed the remaining work in 3 days. If C works alone, in how many days he can do 40% of the same work?<br><br>(a) 9<br>(b) 8½<br>(c) 8<br>(d) 10	9	A=15, B=10. LCM=30. Eff A=2, B=3. 4 days A+B = 20. Remaining 10 units. A+C in 3 days -> Eff A+C=10/3 -> C=4/3. 40% of 30 = 12. C takes 12/(4/3) = 9 days.		40	Source::AbhasSaini 5. Mathematics::Time and Work
a+b together can complete 5/6th of a task in 24 days and b+c together can complete 3/4th of the same task in 20 days. if for first 27 days A worked alone, then for next 28 days B worked alone and remaining task was completed by C alone in 2½ days. Find in how many days B alone will complete task?<br><br>(a) 40<br>(b) 45<br>(c) 48<br>(d) 50	48	a+b=144/5, b+c=80/3. 27a + 28b + 2.5c = W -> 27(a+b) + 1(b+c) + 1.5c = W. 27(5/144) + 1(3/80) + 1.5c = 1 -> 78/80 + 1.5c = 1 -> c = 1/60. b = 3/80 - 1/60 = 1/48. B takes 48 days.		40	Source::AbhasSaini 5. Mathematics::Time and Work
A, B and C do a work in 20, 35 and 60 days respectively. They started the work together but B and C left the work by 8 and 12 days before its completion respectively. Now in how many days will that work be completed?<br><br>(a) 20 Days<br>(b) 15 Days<br>(c) 10 Days<br>(d) 12 Days	15 Days	A=20, B=35, C=60. LCM=420. Eff A=21, B=12, C=7. Let total days = x. 21x + 12(x-8) + 7(x-12) = 420 -> 40x - 180 = 420 -> 40x = 600 -> x=15 days.		40	Source::AbhasSaini 5. Mathematics::Time and Work
A and B working alone can complete a work in 8 days and 12 days, respectively. They started working together, but A left 2 days before completion of the work. In how many days was the work completed?<br><br>(a) 6<br>(b) 5<br>(c) 8<br>(d) 10	6	A=8, B=12. LCM=24. Eff A=3, B=2. Let total days = x. 3(x-2) + 2x = 24 -> 5x - 6 = 24 -> 5x = 30 -> x=6 days.		40	Source::AbhasSaini 5. Mathematics::Time and Work
A, B and C can do a work separately in 18, 36 and 54 days, respectively. They started the work together, but B and C left 5 days and 10 days, respectively, before the completion of the work. In how many days was the work finished?<br><br>(a) 14 days<br>(b) 13 days<br>(c) 15 days<br>(d) 12 days	13 days	A=18, B=36, C=54. LCM=108. Eff A=6, B=3, C=2. Let total days = x. 6x + 3(x-5) + 2(x-10) = 108 -> 11x - 35 = 108 -> 11x = 143 -> x=13 days.		40	Source::AbhasSaini 5. Mathematics::Time and Work
A and B can do a job in 10 days and 5 days, respectively. They worked together for two days, after which B was replaced by C and the work was finished in the next three days. How long will C alone take to finish 40% of the job?<br><br>(a) 15 days<br>(b) 10 days<br>(c) 12 days<br>(d) 18 days	12 days	A=10, B=5. LCM=10. Eff A=1, B=2. 2 days A+B = 6. Remaining 4 units. A+C finish 4 units in 3 days. A does 3 units, C does 1 unit in 3 days -> C=1/3. 40% of 10 = 4. Time = 4 / (1/3) = 12 days.		40	Source::AbhasSaini 5. Mathematics::Time and Work
A, B and C can complete a work in 42 days, 84 days, and 28 days respectively. A started the work, B joined him after 3 days. If C joined them after 5 days from the beginning of the work. Then how many days did A work until the work was completed?<br><br>(a) 15<br>(b) 17<br>(c) 18<br>(d) 20	17	A=42, B=84, C=28. LCM=84. Eff A=2, B=1, C=3. Let A work x days. B works x-3, C works x-5. 2x + 1(x-3) + 3(x-5) = 84 -> 6x - 18 = 84 -> 6x = 102 -> x=17 days.		40	Source::AbhasSaini 5. Mathematics::Time and Work
P, Q and R, when working individually, can complete a job in, respectively, 36 days, 48 days and 144 days. P, Q and R start working together. P leaves the job 12 days before completion and Q leaves the job 8 days before completion. R works from the beginning till the end of the job. Determine the total number of days taken to complete the job.<br><br>(a) 24<br>(b) 25<br>(c) 27<br>(d) 30	27	P=36, Q=48, R=144. LCM=144. Eff P=4, Q=3, R=1. Total days = x. 4(x-12) + 3(x-8) + 1x = 144 -> 8x - 72 = 144 -> 8x = 216 -> x=27 days.		40	Source::AbhasSaini 5. Mathematics::Time and Work
Arun and Barun can do a piece of work in 72 days. Barun and Gitu can do it in 120 days. Arun and Gitu can do it in 90 days. In what time can Arun alone do it?<br><br>(a) 100<br>(b)120<br>(c) 130<br>(d) 125	120	A+B=72, B+G=120, A+G=90. LCM=360. Eff A+B=5, B+G=3, A+G=4. 2(A+B+G)=12 -> A+B+G=6. A = 6 - 3 = 3. A takes 360/3 = 120 days.		40	Source::AbhasSaini 5. Mathematics::Time and Work
The wages of three labourers A, B and C are in the ratio 10:12:15. A's wage is increased in the ratio 5:6. B's wage is increased in the ratio 3:4 and C's wage is increased in the ratio 3:5. The new ratio of the wages of A:B:C is?<br><br>(a) 15:18:20<br>(b) 12:16:25<br>(c) 6:7:9<br>(d) 8:6:5	12:16:25	Old = 10:12:15. New A = 10 * 6/5 = 12. New B = 12 * 4/3 = 16. New C = 15 * 5/3 = 25. New ratio = 12:16:25.		40	Source::AbhasSaini 5. Mathematics::Time and Work
4 women and 7 men earn a total of ₹11,480 in 7 days. While 10 women and 17 men earn a total of ₹36360 in 9 days. How much (in ₹) will 11 women and 9 men together earn in 13 days?<br><br>(a) 42900<br>(b) 42640<br>(c) 42510<br>(d) 42770	42640	4W+7M = 1640. 10W+17M = 4040. Solving gives M=120, W=200. 11W+9M = 11(200) + 9(120) = 3280 per day. In 13 days = 3280 * 13 = 42640.		40	Source::AbhasSaini 5. Mathematics::Time and Work
A can complete a task in 12 days and B can complete the same task in 18 days. They start working together but A works for only 2 days. The remaining work is completed by B. If the total wage is ₹2,400, then what is B's share (in ₹)?<br><br>(a) 1600<br>(b) 1800<br>(c) 1200<br>(d) 2000	2000	A=12, B=18. LCM=36. Eff A=3, B=2. A worked 2 days -> 6 units. B did remaining 30 units. B's share = (30/36) * 2400 = 2000.		40	Source::AbhasSaini 5. Mathematics::Time and Work
Working alone A can do the task in 27 hours and B can do it in 54 hours. Find C's share (in Rs.) if A, B and C get paid ₹4,320 for completing a task in 12 hours on which they worked together.<br><br>(a) 1440<br>(b) 960<br>(c) 1920<br>(d) 1280	1440	A=27, B=54. Work in 12 hours: A does 12/27 = 4/9, B does 12/54 = 2/9. C does 1 - 6/9 = 3/9 = 1/3. C's share = 1/3 * 4320 = 1440.		40	Source::AbhasSaini 5. Mathematics::Time and Work
A and B can do a piece of work in 6 days and 8 days, respectively. With the help of C, they completed the work in 3 days and earned ₹1,848. What was the share of C?<br><br>(a) 462<br>(b) 231<br>(c) 924<br>(d) 693	231	A=6, B=8. A+B+C=3. LCM=24. Eff A=4, B=3, A+B+C=8. C's eff = 1. Share of C = 1/8 * 1848 = 231.		40	Source::AbhasSaini 5. Mathematics::Time and Work
A and B together complete 13/15 part of the work and B and C together complete 11/20 Part of the work. If the difference in wages of A and C is ₹7600 then total wage is:<br><br>(a) 24000<br>(b) 18000<br>(c) 36000<br>(d) 56000	24000	A+B = 13/15, B+C = 11/20. LCM of 15, 20 = 60 units. A+B=52, B+C=33. (A+B)+(B+C)=85. B=85-60=25. A=27, C=8. Diff A-C = 19 units = 7600 -> 1 unit=400. Total = 60*400 = 24000.		40	Source::AbhasSaini 5. Mathematics::Time and Work
A, B and C alone complete a piece of work respectively in 40, 50 and 60 days. they together start the work after 5 days A left the work. B left 3 days before completion of the work. they get Rs.48000 for whole work, find share of C?<br><br>(a) Rs.21000<br>(b)Rs.20000<br>(c)Rs.18000<br>(d)Rs.20400	Rs.20400	A=40, B=50, C=60. LCM=600. Eff A=15, B=12, C=10. Total days=x. 5*15 + 12(x-3) + 10x = 600 -> 22x=561 -> x=25.5. C worked 25.5 days -> 255 units. C's share = (255/600)*48000 = 20400.		40	Source::AbhasSaini 5. Mathematics::Time and Work
S,T and U can complete a work in 40,48 and 60 days respectively. They received Rs.10800 to complete the work. They begin the work together but T left 2 days before the work and u left 5 days before the completion of work. S has completed the remaining work alone. What is the share of S from total money?<br><br>(a) 4000<br>(b) 4400<br>(c) 4600<br>(d) 4860	4860	S=40, T=48, U=60. LCM=240. Eff S=6, T=5, U=4. Total days=x. 6x + 5(x-2) + 4(x-5) = 240 -> 15x=270 -> x=18. S worked 18 days -> 108 units. Share = (108/240)*10800 = 4860.		40	Source::AbhasSaini 5. Mathematics::Time and Work
Two pipes, D and E, can fill a cistern in 26 and 78 hours, respectively, while working alone. If the two pipes are opened together, the time taken to fill the cistern is:<br><br>(a) 19 1/4hours<br>(b) 18 1/3 hours<br>(c) 19 1/2 hours<br>(d) 18 1/4 hours	19 1/2 hours	D=26, E=78. LCM=78. Eff D=3, E=1. Total eff=4. Time = 78/4 = 19.5 hours.		40	Source::AbhasSaini 5. Mathematics::Time and Work
Pipe A can fill 50% of the tank in 6 hours and pipe B can completely fill the same tank in 18 hours. If both the pipes are opened at the same time, then in how much time (in minutes) will the empty tank be completely filled?<br><br>(a) 435<br>(b) 432<br>(c) 425<br>(d) 420	432	A=12, B=18. LCM=36. Eff A=3, B=2. Time = 36/5 = 7.2 hours. In minutes = 7.2 * 60 = 432 mins.		40	Source::AbhasSaini 5. Mathematics::Time and Work
Pipe A and pipe B running together can fill a cistern in 6 minutes. If B takes 5 minutes more than A to fill the cistern, then, what will be the time in which A and B will fill that cistern separately?<br><br>(a) 15 minutes and 20 minutes<br>(b) 10 minutes and 15 minutes<br>(c) 15 minutes and 10 minutes<br>(d) 25 minutes and 20 minutes	10 minutes and 15 minutes	A+B=6. 1/A + 1/(A+5) = 1/6. Solving gives A=10, B=15.		40	Source::AbhasSaini 5. Mathematics::Time and Work
Pipes A and B together can fill an empty tank in 6⅔ minutes. If A takes 3 minutes more than B to fill the tank, then the time (in minutes) in which A alone would fill one-third part of the tank is?<br><br>(a) 6 minutes<br>(b) 4.5 minutes<br>(c) 5.5 minutes<br>(d) 5 minutes	5 minutes	A+B=20/3. 1/B + 1/(B+3) = 3/20. Solving gives B=12, A=15. A fills 1/3 in 15/3 = 5 mins.		40	Source::AbhasSaini 5. Mathematics::Time and Work
Pipes A, B and C can fill a tank in 30h, 40h and 60h respectively. Pipes A, B and C are opened at 7 a.m., 8 a.m. and 10 a.m., respectively on the same day. When will the tank be full?<br><br>(a) 10:00 PM<br>(b) 9:20 PM<br>(c) 10: 20 PM<br>(d) 9:40 PM	9:20 PM	A=30, B=40, C=60. LCM=120. Eff A=4, B=3, C=2. By 10 AM, A does 12, B does 6 -> 18 units done. Rem 102 units. All 3 do 9 units/hr. 102/9 = 11h 20m. 10 AM + 11h 20m = 9:20 PM.		40	Source::AbhasSaini 5. Mathematics::Time and Work
Pipes A, B and C can fill a tank in 15, 30 and 40 hours, respectively. Pipes A, B and C are opened at 6 a.m., 8 a.m. and 10 a.m., respectively, on the same day. When will the tank be full?<br><br>(a) 7:20 p.m.<br>(b) 3:20 p.m.<br>(c) 5:20 p.m.<br>(d) 11:20 p.m.	3:20 p.m.	A=15, B=30, C=40. LCM=120. Eff A=8, B=4, C=3. By 10 AM, A does 32, B does 8 -> 40 units done. Rem 80. All 3 do 15 units/hr. 80/15 = 5h 20m. 10 AM + 5h 20m = 3:20 PM.		40	Source::AbhasSaini 5. Mathematics::Time and Work
Two pipes A and B can fill a tank in 18 minutes and 24 minutes respectively. If both the pipes are opened simultaneously, then after how much time should pipe B be closed so that the tank is full in 12 minutes?<br><br>(a) 6 min<br>(b) 9 min<br>(c) 5 min<br>(d) 8 min	8 min	A=18, B=24. LCM=72. Eff A=4, B=3. A works 12 mins -> 48 units. Rem 24 filled by B. B takes 24/3 = 8 mins.		40	Source::AbhasSaini 5. Mathematics::Time and Work
There are 3 taps A, B and C in a tank. These can fill the tank in 10 hours, 20 hours and 25 hours, respectively. At first all three taps are opened simultaneously. After 2 hours, tap C is closed and A and B keep running. After 4 hours from the beginning, tap B is also closed. The remaining tanks is filled by tap A alone. Find the percentage of work done by tap A itself.<br><br>(a) 50%<br>(b) 75%<br>(c) 32%<br>(d) 72%	72%	A=10, B=20, C=25. LCM=100. Eff A=10, B=5, C=4. C worked 2h=8. B worked 4h=20. Rem 72 done by A. Percentage = 72%.		40	Source::AbhasSaini 5. Mathematics::Time and Work
Pipes A and B together can fill an empty tank in x minutes. A alone takes (8+x) minutes to fill the tank and B alone takes (32+x) minutes to fill the tank. A and B together fill the tank for 10 minutes. C alone fills the remaining part of the tank in 4(1/2) minutes. A, B and C together can fill (7/20)th part of the tank in?<br><br>(a) 2(2/5) minutes<br>(b) 2(4/5) minutes<br>(c) 3(1/2) minutes<br>(d) 3(1/4) minutes	2(2/5) minutes	x = sqrt(8*32) = 16 mins. A+B=16. 10 mins = 5/8 filled. Rem 3/8 by C in 4.5 mins. C=12 mins. A+B+C = 16 and 12 -> LCM 48, eff 7. Time = 48/7 mins. 7/20 part = (48/7)*(7/20) = 2.4 = 2 2/5 mins.		40	Source::AbhasSaini 5. Mathematics::Time and Work
Tap A can fill an empty tank in 8 hours if no other tap is open and tap B can empty the same tank, in 12 hours , when no other tap is open. Find the time taken to fill the same tank, when tank is empty, if both the taps are opened together.<br><br>(a) 36 hours<br>(b) 12 hours<br>(c) 24 hours<br>(d) 16 hours	24 hours	Eff A=1/8, B=-1/12. Net = 1/24. Time = 24 hours.		40	Source::AbhasSaini 5. Mathematics::Time and Work
Tap A can fill a tank in 6 hours, tap B can fill the same tank in 8 hours and tap C can empty the same tank in 4 hours. If all three taps A, B and C are opened together, then how much time (in hours) will be taken to fill the tank?<br><br>(a) 24<br>(b) 20<br>(c) 30<br>(d) 28	24	A=6, B=8, C=-4. LCM=24. Eff A=4, B=3, C=-6. Net = 1. Time = 24 hours.		40	Source::AbhasSaini 5. Mathematics::Time and Work
Two pipes P and Q can fill an empty tank in 20 min and 10 min respectively. R can empty a full tank in 15 minutes. If all three pipes are opened together, how much time (in minutes) will they take to fill the tank?<br><br>(a) 12 minute<br>(b) 18 minute<br>(c) 10 minute<br>(d) 15 minute	12 minute	P=20, Q=10, R=-15. LCM=60. Eff P=3, Q=6, R=-4. Net = 5. Time = 60/5 = 12 mins.		40	Source::AbhasSaini 5. Mathematics::Time and Work
Pipe A can fill a tank in 10 hours. Pipe B can fill the same tank in 12 hours. Pipe C can empty the full tank in 16 hours. All the pipes are opened at 8:00 AM. and Pipe A and B are closed at 10:00 A.M. After how much time from starting will the tank be empty?<br><br>(a) 5 hours 52 minutes<br>(b) 5 hours 24 minutes<br>(c) 4 hours 30 minutes<br>(d) 4 hours 8 minutes	5 hours 52 minutes	A=10, B=12, C=-16. LCM=240. Eff A=24, B=20, C=-15. First 2 hrs net=29 -> 58 units. C empties 58 in 58/15 = 3h 52m. Total = 2 + 3h 52m = 5h 52m.		40	Source::AbhasSaini 5. Mathematics::Time and Work
Pipes A, B and C can fill an empty tank in 30/7 hours, if all the three pipes are opened simultaneously. A and B are filling pipes and C is an emptying pipe. Pipe A can fill the tank in 15 hours and pipe C can empty it in 12 hours. In how long (in hours) can pipe B alone fill the empty tank<br><br>(a) 3 hours<br>(b) 4 hours<br>(c) 5 hours<br>(d) 6 hours	4 hours	A+B+C=30/7, A=15, C=-12. LCM=60. Eff A+B+C=14, A=4, C=-5. B = 14-4+5 = 15. Time for B = 60/15 = 4 hours.		40	Source::AbhasSaini 5. Mathematics::Time and Work
Pipes A and B can fill a tank in one hour and two hours respectively while pipe C can empty the filled-up tank in one hour and fifteen minutes. A and C are turned on together at 9 am After 2 hours, only A is closed and B is turned on. When will the tank be emptied?<br><br>(a) 10:30 am<br>(b) 12:20 pm<br>(c) 11:30 am<br>(d) 12:10 pm	12:20 pm	A=60m, B=120m, C=-75m. LCM=600. Eff A=10, B=5, C=-8. 2 hrs A+C(2) -> 240 units. Then B+C(-3) -> takes 80 mins. 11 AM + 80m = 12:20 PM.		40	Source::AbhasSaini 5. Mathematics::Time and Work
Pipes A and B can fill a tank in 10 hours and 40 hours, respectively. C is an outlet pipe attached to the tank. If all the three pipes are opened simultaneously, it takes 80 minutes more time than A and B together take to fill the tank. A and B are kept opened for 7 hours and then closed and C was opened. C will now empty the tank in:<br><br>(a) 42 hours<br>(b) 49 hours<br>(c) 45.5 hours<br>(d) 38.5 hours	49 hours	A=10, B=40. A+B=8h. A+B+C=8h 80m = 28/3h. 1/C = 3/28 - 1/8 = -1/56. C=-56. A+B for 7h = 7/8 filled. C empties in 56*(7/8) = 49 hours.		40	Source::AbhasSaini 5. Mathematics::Time and Work
Pipes A and B are filling pipes while pipe C is an emptying pipe. A and B can fill a tank in 72 and 90 minutes respectively. When all the three pipes are opened together, the tank gets filled in 2 hours. A and B are opened together for 12 minutes, then closed and C is opened. The tank will be empty after:<br><br>(a) 12 minutes<br>(b) 15 minutes<br>(c) 18 minutes<br>(d) 16 minutes	18 minutes	A=72, B=90, A+B+C=120. LCM=360. Eff A=5, B=4, A+B+C=3 -> C=-6. 12 mins A+B = 108. C empties in 108/6 = 18 mins.		40	Source::AbhasSaini 5. Mathematics::Time and Work
Pipes A and B can fill a tank in 16 hours and 24 hours, respectively, and pipe C alone can empty the full tank in x hours. All the pipes were opened together at 10:30 a.m., but C was closed at 2:30 p.m. If the tank was full at 8:30 pm. on the same day, then what is the value of x?<br><br>(a) 48 hours<br>(b) 96 hours<br>(c) 45 hours<br>(d) 64 hours	96 hours	A=16, B=24. LCM=48. Eff A=3, B=2. 10 hours A+B = 50 units. Tank is 48. C emptied 2 units in 4 hours -> C=-0.5. x = 48/0.5 = 96.		40	Source::AbhasSaini 5. Mathematics::Time and Work
Two pipes A and B can fill a tank in 12 minutes and 24 minutes, respectively, while a third pipe C can empty the full tank in 32 minutes. All the three pipes are opened simultaneously. However, pipe C is closed 2 minutes before the tank is filled. In how much time (in minutes) will the tank be full?<br><br>(a) 9<br>(b) 10<br>(c) 12<br>(d) 8	10	A=12, B=24, C=-32. LCM=96. Eff A=8, B=4, C=-3. 12T - 3(T-2) = 96 -> 9T = 90 -> T = 10 mins.		40	Source::AbhasSaini 5. Mathematics::Time and Work
Two pipes X and Y can fill an empty tank in 16 and 24 hours respectively. Ravi opens these two pipes simultaneously. After 8/3 hours, he comes back and sees that there was a leak in the tank. He stops the leakage and thus tank took 48/5 hours to be filled completely after closing the leak. In what time leakage will empty the filled tank?<br><br>(a) 9.6<br>(b) 9.8<br>(c) 9.4<br>(d) 10	9.6	X=16, Y=24. LCM=48. Eff X+Y=5. Total time = 8/3 + 48/5 = 184/15 hrs. X+Y fills 5 * 184/15 = 184/3. Leaked = 184/3 - 48 = 40/3. L rate = (40/3)/(8/3) = 5. Time = 48/5 = 9.6 hrs.		40	Source::AbhasSaini 5. Mathematics::Time and Work
In a tank four taps of equal efficiency are fitted on equal height interval. The 1st pipe is at the base of the tank and the 4th pipe is at 3/4th of height of the tank. Then calculate in how much time the whole tank will empty if the first pope can empty the tank in 12 hours?<br><br>(a) 6:15<br>(b) 6:25<br>(c) 6:30<br>(d) 6:35	6:15	Volume V in 4 segments. 1 pipe takes 3h per segment. Top seg: 4 pipes = 3/4h. 3rd seg: 3 pipes = 1h. 2nd seg: 2 pipes = 1.5h. Bot seg: 1 pipe = 3h. Total = 6.25h = 6h 15m.		40	Source::AbhasSaini 5. Mathematics::Time and Work
An emptying tap which can completely empty a cylindrical tank in 27 hours is fitted at 5/9th height from bottom. A filling tap which can fill the tank in 18hours is fitted at the top. If both the taps are opened together, in how many hours the tank will get filled?<br><br>(a) 32<br>(b) 33<br>(c) 34<br>(d) 35	34	Fill=18h, Empty=27h. LCM=54. Eff F=3, E=-2. First 5/9 (30 units) filled by F -> 10h. Rem 4/9 (24 units) by F+E(1) -> 24h. Total = 34 hours.		40	Source::AbhasSaini 5. Mathematics::Time and Work
Two inlet taps, in which one tap's capacity is 4.5 times more than the other, an outlet tap which can empty a tank in 9 hours, working together can fill an empty tank in 7.5 hours. How many hours will be taken by the less efficient pipe to fill the tank?<br><br>(a) 18<br>(b) 27<br>(c) 22.5<br>(d) 13.5	22.5	Ratio 1:4.5 -> 5.5x. 5.5x - 1/9 = 1/7.5 = 2/15 -> 5.5x = 11/45 -> x = 2/45. Less efficient takes 45/2 = 22.5 hours.		40	Source::AbhasSaini 5. Mathematics::Time and Work
Tap A can fill an empty tank alone in 6 hours. Tap B alone can empty the same tank, when filled in 8 hour . If they are opened in alternate hours starting with A, then in how much time will the tank be full for the first time?<br><br>(a) 48 hours<br>(b) 27 hours<br>(c) 44 hours<br>(d) 41 hours	41 hours	A=6, B=-8. LCM=24. Eff A=4, B=-3. 2h cycle = +1 unit. Check to 20 units -> 40 hours. 41st hour A fills 4 -> 24 units. Total 41 hours.		40	Source::AbhasSaini 5. Mathematics::Time and Work
Two inlets A and B are connected to a tank A and B can fill the tank in 32 hours and 28 hours respectively. If both the pipes starting from A are opened one by one for 1 hour then in what time will the tank be filled (in hours, rounded to the nearest integer)?<br><br>(a) 36<br>(b) 22<br>(c) 24<br>(d) 30	30	A=32, B=28. LCM=224. Eff A=7, B=8. 2h cycle = 15. 14 cycles (28h) = 210. 29th hr A(7) -> 217. 30th hr B(7) -> takes 7/8h. Total 29.875 ~ 30 hours.		40	Source::AbhasSaini 5. Mathematics::Time and Work
A tank when full can be emptied by an outlet pipe A in 5.6 hours, while an inlet pipe B can fill the same empty tank in 7 hours. If pipes A and B are turned on alternatively for 1 hour each starting with pipe A when the tank is full, how long will it take to empty the tank?<br><br>(a) 55 hours<br>(b) 48 hours<br>(c) 47 hours<br>(d) 56 hours	47 hours	A=-5.6, B=7. LCM=28. Eff A=-5, B=4. 2h cycle = -1. Tank=28. Check to 23 units -> 46 hours. 47th hour A empties 5 -> empty. Total 47 hours.		40	Source::AbhasSaini 5. Mathematics::Time and Work
There are two water taps in a tank which can fill the empty tank in 12 hours and 18 hours respectively. It is seen that there is a leakage point at the bottom of the tank which can empty the completely filled tank in 36 hours. If both the water taps are opened at the same time to fill the empty tank and the leakage point was repaired after 1 hour, then in how much time the empty tank will be completely filled?<br><br>(a) 7 hours<br>(b) 8 hours 24 minutes<br>(c) 7 hours 24 minutes<br>(d) 7 hours 12 minutes	7 hours 24 minutes	A=12, B=18, L=-36. LCM=36. Eff A=3, B=2, L=-1. First 1 hr A+B+L = 4. Rem 32 units by A+B(5) in 32/5 = 6.4h = 6h 24m. Total = 7h 24m.		40	Source::AbhasSaini 5. Mathematics::Time and Work
Pipe A can fill an empty tank in 30 hours and pipe B can fill it in 10 hours. Due to a leakage in the tank, it takes 1.5 hours more than the time taken by pipes A and B together to fill the tank completely. If the tank is completely filled, how much time will it take to empty the tank completely by leakage alone?<br><br>(a) 45 hours<br>(b) 40 hours<br>(c) 42 hours<br>(d) 36 hours	45 hours	A=30, B=10. LCM=30. Eff A=1, B=3 -> A+B=4. Time=7.5h. With leak=9h. Eff A+B+L = 30/9 = 10/3. L = 10/3 - 4 = -2/3. Time = 30/(2/3) = 45 hours.		40	Source::AbhasSaini 5. Mathematics::Time and Work
Two pipes A and B can fill a cistern in 12½ hours and 25 hours, respectively. The pipes are opened simultaneously and it is found that due to a leakage in the bottom, it took 1 hour 40 minutes more to fill the cistern. When the cistern is full, in how much time will the leak empty the cistern?<br><br>(a) 42 hours<br>(b) 48 hours<br>(c) 50 hours<br>(d) 45 hours	50 hours	A=12.5, B=25. LCM=25. Eff A=2, B=1 -> A+B=3. Time=25/3=8h 20m. With leak=10h. Eff A+B+L=2.5. L=-0.5. Time = 25/0.5 = 50 hours.		40	Source::AbhasSaini 5. Mathematics::Time and Work
Pipe A can fill a tank of capacity 350 litres in 3½ minutes, pipe B can fill a tank of capacity 780 liters in 8⅔ minutes. How long (in min) will it take to fill a tank of capacity 1615 liters, if both pipes are opened together?<br><br>(a) 8<br>(b) 8½<br>(c) 9<br>(d) 7½	8½	Rate A = 350/3.5 = 100 L/min. Rate B = 780/(26/3) = 90 L/min. Total rate = 190 L/min. Time = 1615/190 = 8.5 = 8.5 minutes.		40	Source::AbhasSaini 5. Mathematics::Time and Work
There are 3 pipes A, B and C. A can fill a bucket in 8 minutes. C can fill 18/5 buckets in 18 minutes and B can fill 3/20 buckets in a minute. These pipes are opened in a tank alternatively, 1 min each starting from A, then C, then B. If the tank is filled after 2 hours, then find the volume of the tank if the capacity of bucket is 5 litres.<br><br>(a) 90L<br>(b) 95L<br>(c) 100L<br>(d) 85L	95L	A=1/8, C=1/5, B=3/20. 3m cycle = 1/8+1/5+3/20 = 19/40 buckets. 2 hrs (120m) = 40 cycles. Total buckets = 19. Volume = 19 * 5L = 95L.		40	Source::AbhasSaini 5. Mathematics::Time and Work
A leak in the bottom of a container can empty the full tank in 4 hours. An inlet pipe fills water at the rate of 3 liters a minute. When the tank is full, the inlet is opened and due to the leak, the tank is empty in 6 hours. How many litres does the container hold?<br><br>(a) 2160 litres<br>(b) 3600 litres<br>(c) 1440 litres<br>(d) 2880 litres	2160 litres	L=-1/4, I+L=-1/6 -> I=1/12. Inlet fills tank in 12 hours (720 mins). Capacity = 720 * 3 = 2160 litres.		40	Source::AbhasSaini 5. Mathematics::Time and Work
A leak in the bottom of a tank can empty the full tank in 8 hour. An inlet pipe fills water at the rate of 6 liters a minutes. When the tank is full the inlet is opened and due to leak the tank is empty in12 hours. How many liters does the cistern hold?<br><br>(a) 7580<br>(b) 7960<br>(c) 8290<br>(d) 8640	8640	L=-1/8, I+L=-1/12 -> I=1/24. Inlet fills in 24 hours (1440 mins). Capacity = 1440 * 6 = 8640 litres.		40	Source::AbhasSaini 5. Mathematics::Time and Work
A leak in the bottom of a tank can empty the full tank in 9 hours. An inlet pipe fills water at the rate of 5 litres per minute. When the tank is full, the inlet is opened and due to the leak the tank gets empty in 12 hours. The capacity of the tank (in litres) is:<br><br>(a) 10008<br>(b) 10080<br>(c) 18000<br>(d) 10800	10800	L=-1/9, I+L=-1/12 -> I=1/36. Inlet fills in 36 hours (2160 mins). Capacity = 2160 * 5 = 10800 litres.		40	Source::AbhasSaini 5. Mathematics::Time and Work
There are 3 pipes A, B and C. A can fill a bucket in 8 minutes. C can fill 18/5 buckets in 18 minutes and pipe B can fill 3/20 buckets in a minute. These pipes are opened in a tank alternatively, 1 minute each starting from A, then C, then B. If tank is filled after 2 hours, find the volume of tank if the capacity of bucket is 5 litres.<br><br>(a) 88 litres<br>(b) 95 litres<br>(c) 90 litres<br>(d) 105 litres	95 litres	A=1/8, C=1/5, B=3/20. 3m cycle = 1/8+1/5+3/20 = 19/40 buckets. 2 hrs (120m) = 40 cycles. Total buckets = 19. Volume = 19 * 5L = 95L.		40	Source::AbhasSaini 5. Mathematics::Time and Work
A tank has n pipes attached to it, out of which 2 are outlet pipes and the rest are inlet pipes. Each inlet pipe can fill a tank in 10 hours and each outlet pipe can empty the full tank in 15 hours. When all the pipes are opened together then 91(2/3) % part of the tank is filled in 2(1/2) hours. What is the value of n?<br><br>(a) 9<br>(b) 8<br>(c) 7<br>(d) 6	7	91.66% = 11/12. 11/12 in 5/2h -> Full in 30/11h -> Net eff = 11/30. (n-2)/10 - 2/15 = 11/30 -> (n-2)/10 = 15/30 = 1/2 -> n=7.		40	Source::AbhasSaini 5. Mathematics::Time and Work
23 taps are fitted in a tank. Some are inlet taps and some are outlet taps. Each inlet tap can fill the tank in 24 hrs and each outlet tap can empty the tank in 40 hrs. If all the taps are open, tank will be full in 40 hrs. Find the number of outlets taps.<br><br>(a) 9<br>(b) 14<br>(c) 11<br>(d) 13	14	Outlets=x, Inlets=23-x. (23-x)/24 - x/40 = 1/40 -> (23-x)/24 = (x+1)/40 -> 5(23-x) = 3(x+1) -> 115-5x = 3x+3 -> 8x = 112 -> x=14.		40	Source::AbhasSaini 5. Mathematics::Time and Work
There are 17 taps connected to tank. Some are inlets and others are outlets. Each inlet can fill cistern in 24 minutes whereas each outlet can empty in 30 minutes. If all taps are opened together, a full tank will be emptied in 24 minutes. Find difference between number of inlet and outlet taps?<br><br>(a) 1<br>(b) 2<br>(c) 3<br>(d) 4	3	Inlets=x, Outlets=17-x. x/24 - (17-x)/30 = -1/24 -> (x+1)/24 = (17-x)/30 -> 5x+5 = 68-4x -> 9x=63 -> x=7. Inlets=7, Outlets=10. Diff=3.		40	Source::AbhasSaini 5. Mathematics::Time and Work
A, B and C can separately complete a work in 12, 15 and 20 days, respectively. They worked together for 4 days. What will be the remaining work?<br><br>(a) 1/2<br>(b) 1/5<br>(c) 1/6<br>(d) 1/8	1/5	A=12, B=15, C=20. LCM=60. Eff A=5, B=4, C=3. Total Eff = 12. 4 days work = 48 units. Remaining = 60 - 48 = 12 units. Fraction = 12/60 = 1/5.		40	Source::AbhasSaini 5. Mathematics::Time and Work
A, B and C can do the same work in 9 days, 12 days and 18 days, respectively. A started the work and worked for 3 days and left. Then, B joined the work and worked for 3 days and left. Then, C joined the work and completed the work. Find the number of days C took to complete the work?<br><br>(a) 7<br>(b) 8<br>(c) 7½<br>(d) 8½	7½	A=9, B=12, C=18. LCM=36. Eff A=4, B=3, C=2. A worked 3 days = 12 units. B worked 3 days = 9 units. Remaining = 36 - 21 = 15 units. C takes 15/2 = 7½ days.		40	Source::AbhasSaini 5. Mathematics::Time and Work
A, B and C together can complete a work in x, 30 and 45 days, respectively. B and C worked together for 6 days. The remaining work was completed by A alone in 12 days. The value of x is?<br><br>(a) 18<br>(b) 20<br>(c) 24<br>(d) 15	18	B=30, C=45. LCM=90. Eff B=3, C=2. B+C work 6 days = 30 units. Remaining = 60 units. A completes 60 units in 12 days -> Eff A = 5. Time for A alone = x = 90/5 = 18 days.		40	Source::AbhasSaini 5. Mathematics::Time and Work
Pipes A and B can fill a tank in 18 hours and 30 hours, respectively, while C alone can empty the full tank in x hours. All the three pipes are kept open for 3 hours, then B is closed. After another 3 hours, C is closed. The total time taken to get the tank filled completely is 21 hours. What is the value of x?<br><br>(a) 21½<br>(b) 22½<br>(c) 18<br>(d) 20	22½	A worked 21 hrs, B worked 3 hrs, C worked 6 hrs. (21/18) + (3/30) - (6/x) = 1 -> 7/6 + 1/10 - 6/x = 1 -> 35/30 + 3/30 - 6/x = 1 -> 38/30 - 1 = 6/x -> 8/30 = 6/x -> 4/15 = 6/x -> 4x = 90 -> x = 22.5.		40	Source::AbhasSaini 5. Mathematics::Time and Work
Pipes A and B can fill a tank in 16 hours and 24 hours, respectively, and pipe C alone can empty the full tank in x hours. All the pipes were opened together at 10:30 AM, but C was closed at 2:30 PM. If the tank was full at 8:30 PM on the same day, then what is the value of x?<br><br>(a) 96<br>(b) 45<br>(c) 64<br>(d) 48	96	A and B worked 10 hrs. C worked 4 hrs. (10/16) + (10/24) - (4/x) = 1 -> 5/8 + 5/12 - 4/x = 1 -> 15/24 + 10/24 - 4/x = 1 -> 25/24 - 1 = 4/x -> 1/24 = 4/x -> x = 96.		40	Source::AbhasSaini 5. Mathematics::Time and Work
